Employee_ID,Attrition_rate
EID_22713,0.21882420318371704
EID_9658,0.18574941002616255
EID_22203,0.1966998646943131
EID_7652,0.26695041026034094
EID_6516,0.20691637647885563
EID_20283,0.15416851645106883
EID_21014,0.21520064827108398
EID_7693,0.19932387423530037
EID_13232,0.18697729265865226
EID_6515,0.2613909007459665
EID_13639,0.18937812922789085
EID_14669,0.18022593037452983
EID_16537,0.1816710302264506
EID_5782,0.18391146999180163
EID_20157,0.1957929338951161
EID_1855,0.17253145762792815
EID_20748,0.21081065041943958
EID_23179,0.19657689060660152
EID_12838,0.1817943160341191
EID_21656,0.15874654014601583
EID_8844,0.16064122430240385
EID_1536,0.19733493670781527
EID_8822,0.19323504816468678
EID_11398,0.1998631337664813
EID_12965,0.21382618512017698
EID_5204,0.20589760033342386
EID_10030,0.20872593800015923
EID_13227,0.17454775532994807
EID_20607,0.2095781613317545
EID_14070,0.1935154233538776
EID_3755,0.19289138891551055
EID_5459,0.20318410679329524
EID_7697,0.17727648579887523
EID_3935,0.1774047031832138
EID_19046,0.19448083995019047
EID_4040,0.18151467242557287
EID_17730,0.17081950958207104
EID_4995,0.18670117244874346
EID_24653,0.1823664007276483
EID_6978,0.16010994289004316
EID_13775,0.19756794659600835
EID_14608,0.18708023241326657
EID_3148,0.19577770931152105
EID_24868,0.23101748587172402
EID_5521,0.177447986688133
EID_21155,0.1961508414887384
EID_3840,0.1861930896109492
EID_10646,0.19307040411953064
EID_6711,0.20969659982510752
EID_16247,0.1730799368960736
EID_16789,0.2118431267954427
EID_17967,0.17268272115340705
EID_13270,0.19775590389002695
EID_18462,0.17884572734037557
EID_22248,0.2026034903266974
EID_22693,0.19798605443753642
EID_25662,0.18669917752020548
EID_23346,0.18976541874349803
EID_4437,0.19347906966185355
EID_18108,0.17110378680696745
EID_7000,0.1993537819109861
EID_22770,0.21013868661152824
EID_7816,0.1889562111505057
EID_19615,0.17986032771022012
EID_23807,0.23336671024622424
EID_16764,0.16899298660167777
EID_16818,0.20420194546964904
EID_22712,0.17473445810385202
EID_18198,0.236188230230367
EID_11154,0.25076875527433495
EID_22137,0.2234100794782935
EID_11655,0.17921821311608144
EID_18514,0.2208601362022133
EID_24742,0.18391815519418675
EID_16019,0.1977886123015546
EID_7357,0.1838187074765502
EID_20106,0.17789771554197195
EID_13284,0.2252122211214709
EID_5451,0.1671949071173808
EID_19728,0.18297028774417498
EID_9178,0.1747941021638959
EID_13177,0.16674562540019788
EID_14300,0.20223088461879574
EID_4379,0.18705817601527838
EID_11285,0.18692207230550745
EID_14882,0.1966620747273389
EID_9969,0.17934185644314446
EID_23643,0.16343502276653732
EID_5935,0.19954669104796438
EID_7741,0.18706512686090512
EID_6176,0.21175702002801172
EID_5418,0.20870486127170307
EID_20626,0.2222039743453769
EID_1725,0.23207293341938404
EID_14317,0.22169048072246608
EID_12120,0.18834078043414798
EID_20264,0.16015447802194563
EID_16691,0.16503913118039798
EID_1093,0.1590003190775157
EID_2565,0.17430233317995597
EID_11463,0.18495180130226618
EID_12005,0.18114848930830962
EID_10326,0.18635755807031532
EID_12582,0.21556291225520213
EID_18228,0.17140860811180333
EID_11670,0.22292101625382754
EID_24257,0.16491006258822077
EID_7024,0.16230311515475412
EID_10382,0.20484231825048482
EID_20210,0.1953880896924693
EID_10294,0.16864597690866914
EID_19941,0.2069853622840026
EID_25572,0.18269628068790067
EID_7758,0.18735276013320432
EID_22718,0.1873388173863381
EID_1078,0.18032091123933677
EID_8227,0.1928623268704448
EID_1702,0.19013566925264294
EID_3532,0.18479248175469293
EID_22452,0.19113872249323438
EID_3019,0.17945837163935308
EID_22264,0.1990203995562953
EID_9866,0.1804045920130845
EID_3520,0.16271543717442946
EID_21098,0.1984710900897202
EID_1186,0.1691106707118645
EID_12355,0.1755597471349052
EID_11020,0.18668797760848282
EID_19193,0.1538646375905564
EID_17787,0.18397278155141178
EID_13719,0.21045536013338312
EID_24449,0.2068924231182645
EID_12957,0.1762118274921648
EID_24794,0.18179722201886206
EID_2866,0.22893689637071674
EID_10563,0.19065964886716047
EID_22492,0.20276588859211164
EID_4106,0.21685560431069728
EID_6648,0.20503186542836427
EID_7209,0.1937479346463703
EID_9692,0.18447412059452997
EID_22763,0.18120330311433158
EID_12622,0.18423582167671873
EID_9831,0.1846553362421003
EID_5731,0.1524839635422701
EID_1114,0.16865926093572692
EID_25017,0.20594894485749304
EID_22956,0.19481618661651157
EID_5549,0.17953160731446047
EID_12022,0.19193900569451222
EID_8034,0.1671558506123587
EID_20644,0.16251831183023466
EID_20125,0.1726678967515456
EID_21957,0.1825731192617609
EID_8870,0.16235338270339958
EID_2305,0.2056251544714713
EID_3977,0.1586594959771617
EID_14845,0.18475440111514635
EID_6629,0.18108460739874377
EID_14577,0.17525200641388344
EID_24509,0.16401493956183014
EID_1530,0.1864940805942438
EID_21524,0.21349656463062996
EID_6647,0.15602928369406682
EID_19730,0.184191284803586
EID_4424,0.18493638506358612
EID_7964,0.17801691074582698
EID_6289,0.24333966333011503
EID_2899,0.17572833253917786
EID_2827,0.19740764430768087
EID_8801,0.19040432297305088
EID_20454,0.20812464103921918
EID_18988,0.19254084479240147
EID_8405,0.20998677663311205
EID_14497,0.17546975631392414
EID_11769,0.18893022189478736
EID_21353,0.18913423765575896
EID_2221,0.1734112261650387
EID_13218,0.17879866450853343
EID_4576,0.20390468026375747
EID_17470,0.17374090970724312
EID_14817,0.22132223307756754
EID_21845,0.21347993611427435
EID_21987,0.17665970933103164
EID_1168,0.1758108271804667
EID_14315,0.19799623881922074
EID_5043,0.20425326411596037
EID_1967,0.21362635724897142
EID_22274,0.17049806631819275
EID_11091,0.16572007210426745
EID_18421,0.1928465846174356
EID_8316,0.16837373602088018
EID_13308,0.2714927234226545
EID_19481,0.1741743492894027
EID_17732,0.19561249392357183
EID_4504,0.176915158685973
EID_2539,0.2221978399185592
EID_19529,0.1805865934286907
EID_2279,0.18807300012444722
EID_14508,0.19887930052296926
EID_12241,0.1882200664294777
EID_11530,0.16577713853071258
EID_20147,0.15986271664587204
EID_6154,0.21681288274625757
EID_3523,0.1843326780943082
EID_20453,0.20650740913738808
EID_11929,0.1869400449485938
EID_12840,0.1938945508879358
EID_22320,0.1992072825623924
EID_25383,0.2059589946342491
EID_10731,0.2027013085277478
EID_1017,0.16479812912173486
EID_1819,0.2038695733421754
EID_22849,0.2077817359009711
EID_12290,0.19417837815800626
EID_24238,0.1681277554293492
EID_3105,0.193555250306627
EID_14242,0.19999622274687923
EID_16569,0.20136324024793756
EID_8094,0.19932449684599912
EID_7824,0.18419432211157877
EID_8978,0.15592770804460826
EID_25314,0.1811937463655885
EID_17810,0.20285632043605234
EID_14856,0.15135904443281217
EID_22144,0.19787572076396118
EID_23603,0.17444448330775858
EID_7211,0.19477688118148428
EID_19340,0.22415204666224767
EID_1501,0.18118915769840996
EID_22111,0.17009156016059793
EID_16147,0.19722774483275748
EID_16746,0.1804807155491917
EID_20777,0.20558691448988653
EID_12999,0.18996360601369466
EID_21663,0.17267247189938234
EID_11862,0.18631665494565702
EID_17683,0.1976764006482076
EID_19819,0.19240088435104674
EID_21562,0.22428510550114938
EID_24390,0.17380294807554766
EID_14444,0.19757697006356592
EID_3261,0.1836276603211204
EID_7752,0.17574446374640285
EID_3033,0.19186266184185782
EID_22433,0.15848422355259795
EID_23727,0.17836485634457472
EID_24107,0.18257604497499388
EID_22537,0.20575080197008738
EID_13645,0.20170397745818242
EID_16021,0.17753588013696053
EID_19800,0.20661776976582247
EID_1944,0.19099768147841248
EID_15868,0.18034100418777288
EID_22188,0.19505998364313734
EID_13833,0.19999123746853428
EID_15028,0.20238651084380016
EID_24861,0.1865522060501635
EID_13033,0.22640502299186727
EID_23673,0.16912620252433716
EID_13265,0.16901375511209923
EID_23411,0.22222247270782586
EID_3761,0.16397362071216287
EID_7299,0.1898655286563833
EID_2379,0.17851141732541795
EID_18863,0.21930490613933962
EID_12115,0.17740039309918273
EID_23879,0.1953145534202782
EID_16586,0.21255440972515702
EID_19003,0.1898653869869288
EID_11107,0.21669770741279548
EID_15416,0.17860149899863229
EID_19214,0.17449427638285975
EID_5135,0.20167954811075814
EID_22464,0.21851261074790032
EID_22759,0.20495086443112354
EID_17833,0.19989339482284768
EID_17627,0.1862619963307563
EID_25730,0.1899519453982662
EID_2377,0.18285162632054852
EID_18085,0.17606588885041624
EID_14096,0.20536373141361033
EID_8384,0.21677891270797395
EID_17105,0.18110634933372266
EID_9929,0.20318289863278716
EID_13267,0.19181937605267735
EID_12954,0.19903541560492738
EID_4464,0.18727664345803757
EID_11464,0.19615608179086336
EID_19308,0.15205925243133056
EID_17530,0.17195968650553634
EID_6981,0.19078818328089694
EID_19951,0.187805512537226
EID_1100,0.2061920104174683
EID_25145,0.20432905284446795
EID_15614,0.2019232269783237
EID_2961,0.20152153156928093
EID_1742,0.18475764615915347
EID_2843,0.1790846797949549
EID_9549,0.20011842678268627
EID_12832,0.1887497376577958
EID_17914,0.21687995572850638
EID_22832,0.18645284308356755
EID_5755,0.15901190571331483
EID_1141,0.2020590476628164
EID_18954,0.17717348051206502
EID_10824,0.1861127527105318
EID_24478,0.16077301856359802
EID_14916,0.173826197328392
EID_4434,0.16450901282290517
EID_23650,0.20313034831346544
EID_16556,0.16587935161644277
EID_24656,0.18258764840356703
EID_25965,0.17203028487609584
EID_9279,0.1961564284190278
EID_13802,0.1956335614844446
EID_2748,0.2167146556997968
EID_17346,0.19893931935806333
EID_1171,0.16943634586126877
EID_1552,0.1733655959773639
EID_20674,0.1608397746702196
EID_2475,0.17799645359934813
EID_16714,0.1656268920834048
EID_7857,0.19593676201683577
EID_3294,0.1967064547298641
EID_2280,0.1795673400159748
EID_10203,0.15873925657498367
EID_22162,0.19784144297554823
EID_10438,0.18546917760521545
EID_12898,0.19194109044700874
EID_4358,0.1594894153034283
EID_6179,0.17326438099658806
EID_2538,0.1640300741884435
EID_13110,0.17608970674454077
EID_24585,0.21112392905232827
EID_1006,0.1876206175559817
EID_11632,0.20694439214320592
EID_21011,0.17152971623637892
EID_16869,0.2040782317942808
EID_20564,0.1633144250065858
EID_12996,0.19980494292330042
EID_1503,0.18255201026163576
EID_23053,0.19128760354202795
EID_22049,0.1795928225802309
EID_4346,0.2223638791025121
EID_1887,0.19506824331783412
EID_16849,0.19181563603427376
EID_10071,0.18594642599448075
EID_11265,0.19261435070911115
EID_12611,0.18278233481382583
EID_25542,0.1787561334936017
EID_11582,0.2142700520669776
EID_19550,0.19097685011770543
EID_5351,0.19743987450634998
EID_3305,0.1873941245058654
EID_18846,0.1879081381573064
EID_24764,0.16690619109692378
EID_2191,0.19473556888976334
EID_6314,0.1801462128721797
EID_23248,0.1744930198907495
EID_4570,0.19356971291150285
EID_16415,0.16298366510536436
EID_11002,0.18730141229334626
EID_20498,0.1976807564302292
EID_7846,0.19796727549843945
EID_24121,0.17570164664191668
EID_7536,0.19121272789256233
EID_2015,0.2146203035696052
EID_7934,0.19921698650755718
EID_20903,0.19156766639053752
EID_17535,0.1892187712542735
EID_19760,0.17243166847272645
EID_9550,0.18446511586291664
EID_4261,0.18104012399847605
EID_19753,0.20179248846586523
EID_13542,0.18693950794368636
EID_24283,0.16431029149616794
EID_7552,0.2109129989521841
EID_11577,0.18040800239458926
EID_3228,0.17855647963999305
EID_17468,0.19414171698550164
EID_15815,0.1946060440078413
EID_2093,0.17623570459139135
EID_21356,0.20248595642429768
EID_12357,0.18690606858734538
EID_18495,0.176091951454146
EID_5098,0.1802826930760521
EID_12691,0.17258341279503547
EID_13240,0.20264693447424037
EID_19312,0.2002654763122952
EID_23914,0.19308659732531272
EID_23175,0.18043637310805663
EID_15413,0.19444565917898216
EID_4785,0.20728238772062074
EID_25933,0.18042731748879426
EID_22705,0.22118291217459074
EID_19350,0.161045634675907
EID_5369,0.1950441726186487
EID_20410,0.17341617345721405
EID_12557,0.19364298316377962
EID_17678,0.18326404546251315
EID_1342,0.18581345542285027
EID_12230,0.20170022525228684
EID_1311,0.16972372658207513
EID_5860,0.20808354227557138
EID_4259,0.17790930273747912
EID_10209,0.2018567649882631
EID_2300,0.20039282386580437
EID_17408,0.18996961588131397
EID_1883,0.16426296531305826
EID_1053,0.19745896258526105
EID_23610,0.19062144811542941
EID_17585,0.17082902960302188
EID_20845,0.1912817006536479
EID_15683,0.1908245385063237
EID_11976,0.20488606410723226
EID_12031,0.16759258984078296
EID_1711,0.1994138785699964
EID_6239,0.2164628473260595
EID_25541,0.22775020987926675
EID_9308,0.16317241484956152
EID_18168,0.19353412505177642
EID_11934,0.1745310946178604
EID_23472,0.21422842066672718
EID_13731,0.1534944046987178
EID_16069,0.17789985241684206
EID_18276,0.16762462052830246
EID_6141,0.19587817445370295
EID_12061,0.19808434695258642
EID_9450,0.19661647304511104
EID_21730,0.17970052127874672
EID_19506,0.18727523510824526
EID_13552,0.18564799238009705
EID_9945,0.1796443992295808
EID_1924,0.19746841821262087
EID_18453,0.17072847198813115
EID_20225,0.22540985819030335
EID_18673,0.21213619430808192
EID_11420,0.21317965529746744
EID_16631,0.17756849018754584
EID_21237,0.1804959244594778
EID_5015,0.17739382208632035
EID_20179,0.20372184603537324
EID_12073,0.2048854183472125
EID_21147,0.16352316517996285
EID_6714,0.19371118547543767
EID_10645,0.19534313810551474
EID_18298,0.191118933430324
EID_2640,0.1765744324819665
EID_2318,0.20263888118071244
EID_25226,0.20046971514004588
EID_24099,0.18998765985458432
EID_20938,0.2609633391028813
EID_8377,0.21363574101796523
EID_7023,0.2068400813407489
EID_11385,0.20629244573132935
EID_15016,0.17224904282935044
EID_25794,0.19235064275389926
EID_11494,0.20262898323295836
EID_2425,0.1851472328699862
EID_9847,0.20941780127449144
EID_3570,0.17888087624332036
EID_13573,0.19298946926112565
EID_13780,0.16348053152786915
EID_2949,0.18090523897942412
EID_19834,0.19763775683689866
EID_11384,0.20591870899885908
EID_23154,0.21628667787039715
EID_9337,0.1922630303012435
EID_3653,0.17903967892848666
EID_4850,0.2103363758652533
EID_16283,0.20023037326384677
EID_5107,0.16031281740640024
EID_25156,0.2157180893549755
EID_17223,0.19095845129659178
EID_14695,0.1798401788840166
EID_11374,0.1834389064800464
EID_13672,0.1744495960554288
EID_6782,0.2275395748066915
EID_25074,0.2071335446380391
EID_21087,0.18413581820992803
EID_13017,0.21137406673375764
EID_9947,0.2254400211891368
EID_21221,0.181000878564194
EID_21639,0.16894947420071038
EID_20333,0.17998354016131685
EID_2970,0.19380399067657836
EID_7624,0.1864344679377936
EID_15741,0.1825208794223157
EID_1312,0.17953382383805178
EID_19575,0.18292383489465128
EID_21047,0.2010588029243242
EID_11969,0.2163683052919007
EID_19145,0.18072752874182474
EID_9871,0.1799844237697561
EID_18852,0.16930187078425113
EID_22326,0.2037826936169788
EID_7259,0.17760771704222517
EID_21920,0.21587429794336987
EID_1436,0.20129857724964312
EID_8261,0.17624557162212512
EID_23228,0.21814520475805182
EID_5560,0.16016943317990617
EID_22357,0.21093656574182873
EID_4816,0.17475098364593267
EID_10000,0.19110348724576254
EID_21908,0.1669080685696728
EID_14887,0.18404184271476481
EID_12497,0.17613266254248083
EID_17976,0.18469950808269017
EID_17356,0.15753579558696928
EID_9785,0.17155462636562704
EID_16224,0.17653566917476365
EID_6020,0.1867022436668197
EID_20716,0.20100040340153996
EID_11351,0.21234050863143172
EID_20899,0.21279286222537752
EID_9718,0.17259397419847444
EID_9479,0.19108891668093964
EID_25048,0.18881911838790985
EID_23370,0.17095481869800694
EID_13877,0.19797816839376986
EID_12256,0.19529398820360128
EID_1903,0.16526694920915486
EID_8830,0.162111057252919
EID_22060,0.18230899067334666
EID_11996,0.1852906994074745
EID_21061,0.18474013243747572
EID_22604,0.19326934030402662
EID_18463,0.1776976381041578
EID_11375,0.19470926665883914
EID_2685,0.21667704236463284
EID_16010,0.19998199367243735
EID_19288,0.23463894254159878
EID_9283,0.2557396432869404
EID_11122,0.1782857526608529
EID_6638,0.18500808978240002
EID_25516,0.20361587482474697
EID_3864,0.2114929501455828
EID_9746,0.1740186402491702
EID_8407,0.18790407582240037
EID_25463,0.18446258285061706
EID_23098,0.16708776113148494
EID_22512,0.19550181658151944
EID_14671,0.187206437861226
EID_18482,0.19094136572284148
EID_8151,0.20265399894129837
EID_16624,0.21048147926218042
EID_1983,0.1906361619828723
EID_18445,0.19324690321831506
EID_11891,0.18866783737298212
EID_2010,0.19449889155978775
EID_4592,0.2275808624472988
EID_17412,0.18924896464903135
EID_24883,0.1661865195146804
EID_15661,0.16185820438755766
EID_11757,0.1912574395085347
EID_2627,0.17241619575225986
EID_13243,0.1899235510762523
EID_10917,0.1821040699970594
EID_4360,0.20138867553657608
EID_13536,0.1915578466435942
EID_10695,0.22393415270097414
EID_5746,0.18005124973837666
EID_1178,0.19776051275674345
EID_15290,0.2173803563003542
EID_3540,0.17288227876026693
EID_14684,0.20958371107110563
EID_7914,0.19478883868403946
EID_23733,0.1861604154811921
EID_5907,0.2557862806328827
EID_5142,0.19865076889767017
EID_7686,0.20896290797846495
EID_12078,0.19424694987225005
EID_4880,0.175818597137954
EID_1527,0.2014459591360457
EID_15919,0.19683858384625308
EID_1260,0.17780382090334212
EID_22377,0.1771357866508557
EID_7876,0.1793907406066072
EID_1213,0.16626290373625618
EID_4161,0.1864554331435549
EID_3214,0.18369716367685165
EID_17651,0.16583380867542383
EID_8005,0.15181547312426605
EID_12852,0.19975462227434604
EID_21465,0.2127318618164319
EID_7371,0.1996021783757463
EID_25687,0.1829891765398869
EID_17222,0.16209089280250377
EID_1994,0.17331274054259307
EID_22384,0.2051945949511015
EID_6344,0.18654500594807555
EID_18801,0.210005696577748
EID_13688,0.21663697614124455
EID_13779,0.22236540865268042
EID_24969,0.16530758659343267
EID_15311,0.2518008512442696
EID_9095,0.21171594725143544
EID_11675,0.2044807581561594
EID_14870,0.19485732747431717
EID_1575,0.17659782364584653
EID_7440,0.16838041975383716
EID_24259,0.1880701258624619
EID_19501,0.27139015528117144
EID_23743,0.15803968751213424
EID_13287,0.18508980183213752
EID_2226,0.15590633867343415
EID_22439,0.19159739547236868
EID_16078,0.22898927801970184
EID_18895,0.17534711547133489
EID_19860,0.19632000383327472
EID_24564,0.19725399837450508
EID_21747,0.18177558811849953
EID_4659,0.19740521961611154
EID_24149,0.2088874554910885
EID_13300,0.1807042207925247
EID_16950,0.18283408270526247
EID_23778,0.21264783949017632
EID_14691,0.1968269713940472
EID_10789,0.1807485866473108
EID_5525,0.18896362312674211
EID_19424,0.19677414936952597
EID_6171,0.19132867372909723
EID_19569,0.20072767563590443
EID_4602,0.1923627837737971
EID_17919,0.21468448302174908
EID_4286,0.1802743065751069
EID_1973,0.20819765753706712
EID_25715,0.17106258536806446
EID_23385,0.21232554916496188
EID_13681,0.19871779549558338
EID_25410,0.21052977028865622
EID_18267,0.23166354278222095
EID_15252,0.18460393803404146
EID_23214,0.2064538415386878
EID_18551,0.23726881931982602
EID_2401,0.1907814680986959
EID_7609,0.1930402894230542
EID_21291,0.19511321836200973
EID_10126,0.20236736702409397
EID_19714,0.18178153017198267
EID_4911,0.19737566347130478
EID_12505,0.25293552903647426
EID_10377,0.20126059859543494
EID_3407,0.22231212220895474
EID_3386,0.19530455446507922
EID_7623,0.20062553785882695
EID_19517,0.19289117335531247
EID_21782,0.204777901372307
EID_12361,0.17208843337447624
EID_21171,0.18015170212607473
EID_17836,0.21357374641882731
EID_20286,0.1953622772597005
EID_25798,0.17345655982188724
EID_15699,0.18968205708795044
EID_17006,0.20339387069846773
EID_22476,0.17010664445767076
EID_9406,0.18144172471256909
EID_13559,0.18238287938844178
EID_1340,0.16143887245803132
EID_17848,0.17772872272421572
EID_20358,0.20153017974587226
EID_14265,0.19567217857107144
EID_9820,0.19813242879791873
EID_13755,0.1814668938101387
EID_13293,0.1882218019813278
EID_25837,0.20320773634407607
EID_20466,0.17769331062248506
EID_11032,0.19993148384461945
EID_2399,0.18518090779656926
EID_23917,0.1923539825876494
EID_17011,0.19832100873391542
EID_8967,0.1602362638538715
EID_24468,0.1973945778322923
EID_8435,0.18060271329701513
EID_17953,0.19946225447692512
EID_7140,0.19460914028675136
EID_24404,0.18630093382508947
EID_14380,0.23343382125766443
EID_1232,0.17747737636936825
EID_1573,0.16192176206065692
EID_3684,0.20425202095701278
EID_15824,0.19698663058534746
EID_9212,0.19135903025124842
EID_21121,0.18202889866568422
EID_6346,0.1722921989984905
EID_9525,0.1900102655851137
EID_9726,0.19038615306962087
EID_2526,0.1961813330837428
EID_4228,0.16476949046925146
EID_14595,0.20356785221292334
EID_15856,0.25958827177121535
EID_6768,0.18033058952069317
EID_23953,0.20394936389230356
EID_19059,0.1886917721668136
EID_5268,0.18442356300881282
EID_7619,0.17005875297791473
EID_23028,0.1827124468267156
EID_22104,0.20201348295960755
EID_10318,0.18272304487705598
EID_25369,0.17088679822513808
EID_16633,0.16684283936966354
EID_15848,0.19223335652489243
EID_2240,0.2647065056033402
EID_1059,0.1752168841194497
EID_9315,0.1748260909954906
EID_15388,0.18070947290674189
EID_9984,0.17155529920358664
EID_4296,0.21211591941033264
EID_10927,0.17737347108757592
EID_25054,0.18572429045022198
EID_1884,0.19031180751132112
EID_21960,0.18086430997891523
EID_5572,0.18481286883973358
EID_16872,0.18373242328201517
EID_24525,0.20671505719065725
EID_14237,0.17908062811623404
EID_7114,0.1934074060053117
EID_7448,0.20267791087840295
EID_17668,0.18459031916513513
EID_7674,0.21097126598853833
EID_5884,0.18246199756664885
EID_13942,0.15044047449239406
EID_13098,0.19110132751175202
EID_7695,0.21005285686830838
EID_5350,0.19634491039602858
EID_22853,0.17171907052445026
EID_2385,0.24943739416136654
EID_18006,0.19848500978607558
EID_12875,0.20443613710280795
EID_5478,0.17914316547806353
EID_18690,0.16881862833694844
EID_12545,0.21191046904877062
EID_13888,0.18410177210393738
EID_9732,0.2095937704763344
EID_18001,0.20060195461738528
EID_17479,0.16754325113855437
EID_23757,0.20277084238597304
EID_1303,0.2511454965493799
EID_5375,0.14840291554883633
EID_5869,0.17696600950224484
EID_8825,0.20077934151840046
EID_22567,0.17123497689651043
EID_16273,0.17678251191842628
EID_20618,0.20246755234785635
EID_3608,0.19074994673109552
EID_8806,0.1993192423970379
EID_23170,0.18290794891056514
EID_12243,0.19055703514276237
EID_20089,0.21756929514137924
EID_16852,0.15904986327370202
EID_18312,0.1810318323846637
EID_14010,0.2079003227111538
EID_14705,0.2101298517806081
EID_20956,0.18510628866401768
EID_18794,0.16956078379604167
EID_1629,0.1927071279419197
EID_25483,0.20005255358875976
EID_4542,0.1947407417900449
EID_10076,0.2041829573503794
EID_9469,0.17573589969579823
EID_25284,0.23144651274825886
EID_11972,0.1865917765972639
EID_1798,0.18067328069531333
EID_21903,0.21393903029278985
EID_20031,0.19039315899973946
EID_20365,0.17337828753272697
EID_9210,0.185730588248114
EID_19750,0.23120939667167517
EID_4006,0.1762826429312308
EID_24922,0.17851178871534343
EID_4760,0.18359708019140616
EID_11035,0.1849019699346186
EID_21008,0.1805318636315844
EID_23731,0.1450817109776889
EID_21788,0.16056422451740845
EID_5428,0.1724413238232418
EID_14023,0.19196145042769175
EID_2937,0.1851735343030829
EID_16931,0.18540394809899058
EID_18299,0.2002937898958386
EID_6660,0.2011470184921742
EID_23187,0.22443120255101634
EID_14868,0.19303999191144458
EID_23247,0.16816132254366978
EID_15971,0.19550114426626453
EID_7852,0.20027816142589178
EID_7017,0.18878897217360058
EID_7494,0.1492864223747714
EID_18706,0.17647304369993294
EID_22784,0.2003877300525156
EID_10756,0.20499513051238044
EID_6854,0.19707350540188787
EID_12554,0.20693607158861085
EID_1162,0.16519376720082266
EID_19581,0.18084783384274505
EID_2169,0.17620664777495465
EID_25149,0.17392448081457107
EID_22575,0.18013867058497024
EID_2265,0.17206609806541498
EID_19668,0.18956204437712423
EID_19245,0.18866592400561477
EID_8194,0.170429151273908
EID_8081,0.2318031876696275
EID_8670,0.17799160851669138
EID_7992,0.17930848841944025
EID_6596,0.23812083282167787
EID_3699,0.18999962226900013
EID_9698,0.21361223704115456
EID_1847,0.1922579466129674
EID_16179,0.184445774178069
EID_23663,0.1880919932081337
EID_24287,0.20228450711645551
EID_3527,0.18540802171327422
EID_18652,0.19030106861682577
EID_24110,0.19655902476296902
EID_21419,0.21020187725253844
EID_12865,0.18858842932474443
EID_9237,0.2250198580639446
EID_20408,0.15915028549586246
EID_22934,0.21236820111876992
EID_6492,0.19223514284949494
EID_20285,0.21381684943388565
EID_1286,0.16798767336985237
EID_12542,0.1867872599784787
EID_5523,0.18766838375999714
EID_1979,0.1949559295638682
EID_23146,0.18857262844929212
EID_4773,0.1636019550890155
EID_8785,0.19688014668431886
EID_4463,0.18586951051957334
EID_24028,0.1645074631162939
EID_20920,0.19985776504425284
EID_21392,0.22256243471608148
EID_4079,0.16575699181764075
EID_5173,0.1644792933990752
EID_22915,0.18760674914793296
EID_18347,0.1818044844385212
EID_7984,0.16406198187904125
EID_25148,0.21020927967265857
EID_4350,0.19101063837809507
EID_6909,0.18549023194236003
EID_10582,0.198639644982661
EID_6248,0.191588555384474
EID_10035,0.19278465446726614
EID_24603,0.21025381846962712
EID_1794,0.17013396658453875
EID_9407,0.1930978132950334
EID_2114,0.18246196680695548
EID_21125,0.20653033260403036
EID_15046,0.20234849554532303
EID_8058,0.20666180448019678
EID_1961,0.16064623468046776
EID_23324,0.176477405375087
EID_21521,0.22035579116661783
EID_11043,0.19416495856980714
EID_6461,0.1989871789239902
EID_10398,0.1856916102720782
EID_20635,0.17797782647612528
EID_22940,0.20454737999909037
EID_8582,0.1680966338547701
EID_12770,0.20210322347130552
EID_15982,0.19637649018576714
EID_19692,0.195198684292637
EID_18304,0.21638982940001456
EID_13603,0.20883889519155863
EID_6145,0.19526981595075224
EID_16587,0.18572616779749518
EID_16835,0.2502149503950745
EID_8399,0.18277407585400895
EID_7012,0.18362215402862564
EID_20575,0.1618050934875423
EID_20747,0.17902669622467887
EID_3907,0.20765896227486413
EID_22626,0.24512832689906594
EID_4442,0.19660815823348649
EID_18034,0.19155714903955018
EID_16055,0.1943341049009984
EID_21684,0.17039776121367672
EID_17499,0.2060531611685114
EID_1222,0.15437288227202983
EID_17204,0.185420881785926
EID_22732,0.19647568680223815
EID_8539,0.17599249428040453
EID_23136,0.20277146769217483
EID_24470,0.2028077675992675
EID_17404,0.18245306180293513
EID_21498,0.1937111309872958
EID_19495,0.19868916591253738
EID_23966,0.18085641581247494
EID_1388,0.16417127316393287
EID_7374,0.17234715605490747
EID_25441,0.22581895808169508
EID_16616,0.18632731444974934
EID_7654,0.1845104319320248
EID_4217,0.19024921585715418
EID_9968,0.16747115441782132
EID_17830,0.1863118991131778
EID_12023,0.21234592365974167
EID_24002,0.13933439613225787
EID_11371,0.19778089337798282
EID_11096,0.1674415063785809
EID_24835,0.22508680950291513
EID_17439,0.1729230117047928
EID_6587,0.20148969790575275
EID_21946,0.20359712399740887
EID_5431,0.18603478658527117
EID_4723,0.18989707356643268
EID_11535,0.21000484954306564
EID_2330,0.14689161524738406
EID_23531,0.21230803990853986
EID_8913,0.17822652824165025
EID_21273,0.19152140250439126
EID_11927,0.2024689805661575
EID_1385,0.17816440749560775
EID_15758,0.1956847401053719
EID_1023,0.16865987845982694
EID_8959,0.20327570578823206
EID_12911,0.1958811483666047
EID_15925,0.16620785956044107
EID_17769,0.19395551738684075
EID_19842,0.20592026642878597
EID_15875,0.17787863280017685
EID_21284,0.16565212007715063
EID_24825,0.2067321720403876
EID_23825,0.16989235083904355
EID_13001,0.17706719938497434
EID_25601,0.19644373747456376
EID_24670,0.20867876658768011
EID_24412,0.24230574399934907
EID_18712,0.16540650731251288
EID_21138,0.17334937665943617
EID_19335,0.1908768140576323
EID_16753,0.20104423667287824
EID_24399,0.1872125659628386
EID_12567,0.17794896876922583
EID_22161,0.17248825626836856
EID_12609,0.18849228679762817
EID_22249,0.15961973057131162
EID_5314,0.16678997805550064
EID_1897,0.21160887143982285
EID_22507,0.17692135566243067
EID_2878,0.1757330717602304
EID_10098,0.16431262982736597
EID_18435,0.2190388650058549
EID_8063,0.18129590834790893
EID_3512,0.16372081721352816
EID_24444,0.17953567461721381
EID_9813,0.19799516432597217
EID_25132,0.19617195265350257
EID_5613,0.19550141389909725
EID_14062,0.1898673702364908
EID_20073,0.2118214737777389
EID_12506,0.19049695523840451
EID_1092,0.212206086806239
EID_15895,0.18437255790119822
EID_1039,0.16575858333648644
EID_22016,0.20337343138331865
EID_6764,0.19460893787636713
EID_17384,0.21426725280769066
EID_8705,0.17948688575329683
EID_14832,0.18475536879637755
EID_16473,0.18169915570131398
EID_11186,0.1818517686671986
EID_7476,0.1910657064182919
EID_19671,0.19705125149289995
EID_14001,0.1717560407589579
EID_10658,0.1978703719353786
EID_6668,0.1957846272091284
EID_13786,0.2012420338770366
EID_11224,0.1961892867035863
EID_13296,0.16684842543288292
EID_22145,0.1738208459891244
EID_6494,0.18176699307498398
EID_1649,0.17721704952236192
EID_20878,0.23265849069919628
EID_3790,0.18393190618127314
EID_9257,0.2011333782615995
EID_14917,0.18691632349766124
EID_22052,0.19456240672061226
EID_1198,0.15516503139856397
EID_8478,0.17841939826555908
EID_2071,0.18732742223565513
EID_1250,0.16227690823404417
EID_9000,0.18049577305462677
EID_17319,0.17814111058551663
EID_21794,0.21023028763003565
EID_23350,0.20048731551365945
EID_16278,0.1773882045872382
EID_3330,0.1636583800403175
EID_12584,0.21072680322336693
EID_9354,0.21977682688722627
EID_15007,0.1799427376047627
EID_11656,0.1946960523316428
EID_22526,0.1705763818957719
EID_11027,0.17892345446733
EID_21588,0.1700978105202977
EID_13717,0.17977770136306281
EID_8073,0.1893319276269282
EID_15972,0.1914510933475309
EID_5730,0.17846695512075933
EID_23968,0.1445022551829932
EID_4299,0.18729254194432582
EID_6302,0.1683080099467309
EID_6974,0.17368762191473625
EID_4829,0.19699386237232766
EID_21139,0.18182534701173758
EID_23456,0.17765236353602576
EID_20110,0.1678478894746078
EID_20342,0.1805059714030705
EID_15238,0.21246302437418726
EID_10349,0.1865973526712928
EID_10077,0.1620182875652493
EID_22330,0.2116419469205258
EID_4368,0.21223677113817768
EID_8859,0.18336455236283905
EID_24277,0.15970010881355862
EID_1061,0.1953639559868764
EID_5597,0.1699489657796701
EID_4820,0.20626011194398206
EID_5863,0.18246717831427486
EID_23680,0.19721394026583233
EID_5542,0.18288966443244636
EID_6203,0.17044758250868836
EID_5355,0.18114822183736012
EID_19669,0.23793185381654436
EID_21725,0.19827041341182633
EID_2138,0.17029397222966966
EID_24278,0.19328701932410947
EID_6591,0.20217882313672836
EID_21056,0.1600261610658865
EID_18759,0.23462357609275225
EID_12059,0.18196686321906352
EID_11077,0.19651637803247313
EID_17216,0.20296849223461877
EID_15655,0.1947764017926817
EID_19017,0.17550677211748184
EID_17846,0.2079404243720667
EID_6418,0.2051775885578255
EID_25942,0.19642244353189128
EID_5420,0.17101964656577492
EID_11764,0.179232967163255
EID_16483,0.22559077738277616
EID_1901,0.16673003619694166
EID_21480,0.19810252974758216
EID_8006,0.21180403799093742
EID_1282,0.19908339740609296
EID_6895,0.18271509813108186
EID_13677,0.186192476631157
EID_6071,0.1713701175352654
EID_14425,0.17170390353933945
EID_22685,0.1812147817457631
EID_20203,0.18945546399544388
EID_19161,0.174741075180122
EID_1947,0.18356053531438857
EID_16574,0.19173582973223732
EID_2561,0.176751564010247
EID_20668,0.17639872153644992
EID_7831,0.20886419927544392
EID_8769,0.16557827403258893
EID_25191,0.186651229690724
EID_15590,0.20853300872613675
EID_12458,0.19617997381831798
EID_11406,0.17819564004659624
EID_17629,0.1714634293351033
EID_4632,0.17805087719819482
EID_18455,0.1891145396742463
EID_23077,0.20809417256759558
EID_25024,0.17862488902020737
EID_6269,0.21335623517806884
EID_12100,0.20181207687400682
EID_23190,0.19691948723078562
EID_9030,0.20684269117647144
EID_12359,0.18517537027460895
EID_12041,0.17103000912634195
EID_2019,0.2033637270046157
EID_22974,0.20506044592888112
EID_10351,0.16493798557674433
EID_23630,0.2203081114074281
EID_7309,0.195260443023476
EID_19821,0.2040260015788724
EID_4033,0.17926598952366224
EID_3435,0.20465538266235284
EID_5759,0.16857663853733657
EID_12826,0.20260372401339166
EID_8148,0.20431497041050006
EID_16088,0.16404226705659222
EID_15783,0.17978069004589906
EID_19521,0.20560304324080741
EID_13016,0.1738333307374177
EID_13708,0.1974696193209916
EID_4237,0.19175774940907603
EID_3620,0.17502487933046637
EID_10042,0.17493498356731613
EID_8833,0.17134424943878931
EID_21028,0.1880980692974643
EID_3485,0.18020057915418128
EID_23372,0.23982560629955973
EID_19410,0.21652967981135135
EID_6598,0.19541290191324193
EID_25371,0.2023664272978336
EID_19483,0.1736068129701901
EID_22826,0.18024023372406
EID_23606,0.19835590010668808
EID_9346,0.19634965097052323
EID_1608,0.19523179804083768
EID_1603,0.19167376698981517
EID_23041,0.20690804038707034
EID_7801,0.1699577978530376
EID_22456,0.1703013249073617
EID_24428,0.17499606090377098
EID_10811,0.17549804487183807
EID_24566,0.2085066830494825
EID_2531,0.2010372169242569
EID_10878,0.17713372952569972
EID_19548,0.19279140761228092
EID_11988,0.2010228150905369
EID_11378,0.2199383505815844
EID_9896,0.1975707150325667
EID_17323,0.1900520079285845
EID_24976,0.1834887139963937
EID_11249,0.16965003862496533
EID_20395,0.17425027735237758
EID_18262,0.15917276523138912
EID_14670,0.20892350555194578
EID_12880,0.19359612281128832
EID_1406,0.17970726032656437
EID_23014,0.205480721635306
EID_5224,0.20869008635712188
EID_3232,0.17700720115558827
EID_22327,0.1840159182652122
EID_2285,0.20654877082509182
EID_20468,0.2015896785540473
EID_4443,0.17356638877416322
EID_15641,0.17901940876266206
EID_8106,0.21607129922853258
EID_13958,0.1960857121011974
EID_10214,0.1873650759686902
EID_17739,0.18867386986392337
EID_13347,0.1794835751312201
EID_23453,0.16233863655234282
EID_1477,0.21049525059663568
EID_20224,0.1589430380976446
EID_2362,0.19221104603579156
EID_21421,0.18687462862450216
EID_7860,0.2105206058087711
EID_10286,0.1806093825934632
EID_7184,0.18215586545279422
EID_21742,0.19096085980681907
EID_21610,0.18442126574719886
EID_19375,0.19133994144201066
EID_18564,0.20510138988048504
EID_19108,0.2065551725323952
EID_17928,0.1920155905861146
EID_25613,0.20599117502385478
EID_23787,0.1850549740808844
EID_2392,0.2008752590617902
EID_7574,0.19652815848062227
EID_9810,0.170950319868369
EID_14332,0.220058837259715
EID_20937,0.16473672830210032
EID_7827,0.18848811679198801
EID_7457,0.20420434634447976
EID_11152,0.19090688714241985
EID_12917,0.17445464913134123
EID_18590,0.20313036742842325
EID_15327,0.2114015201371947
EID_11687,0.19089887242257597
EID_5179,0.16467793208925657
EID_5623,0.17663762991495796
EID_25331,0.21084479095580855
EID_24386,0.19720378421497795
EID_6507,0.20709896670611047
EID_7842,0.19589387819405799
EID_12018,0.1927912330016383
EID_6640,0.1970908986780172
EID_9872,0.1795402696245182
EID_2331,0.22799100502671202
EID_19685,0.17727905297596316
EID_25701,0.2137508467429316
EID_25681,0.19336053280866738
EID_20151,0.1899977694812654
EID_8980,0.20449479301410195
EID_12719,0.19182631414509677
EID_20075,0.1759535676797402
EID_14984,0.1843637869274332
EID_8177,0.1861749962147758
EID_1360,0.22081229243113726
EID_24812,0.20647576445629381
EID_8480,0.20389887936697923
EID_14567,0.20690413720431095
EID_16194,0.21235565237012596
EID_10020,0.17804866545720155
EID_7321,0.19659360266439418
EID_15387,0.18713285447340228
EID_19419,0.18679286473302448
EID_20496,0.21234899431212664
EID_1308,0.1983922914587925
EID_14770,0.17095748381945564
EID_21893,0.18912272978456401
EID_10990,0.20327501546600246
EID_17521,0.2113251364249461
EID_15274,0.1959398977802385
EID_24001,0.20410506496117525
EID_4111,0.19966199056458772
EID_4284,0.16369264324963773
EID_19682,0.170938359006661
EID_14871,0.20432767938513158
EID_18152,0.18095675276594886
EID_12520,0.24204077148997824
EID_4739,0.1881827621736385
EID_8424,0.17417399991618107
EID_23600,0.17464341320019805
EID_25891,0.20245145984911506
EID_11618,0.20975794201321696
EID_12674,0.18599160684536
EID_5999,0.16957502672416178
EID_18063,0.15833204849305024
EID_14859,0.1809435004547959
EID_20353,0.16721863227828643
EID_22962,0.17699480062431477
EID_19650,0.17128321430637977
EID_6108,0.19494444269430733
EID_19012,0.2545437665927804
EID_22925,0.1849786124018808
EID_15619,0.20533391906471918
EID_19998,0.1861822007481907
EID_20052,0.2157408029032961
EID_25044,0.2097890271953582
EID_5422,0.24427267711915862
EID_15354,0.1901229246594119
EID_3804,0.16337357124735086
EID_23277,0.18073062883182794
EID_12336,0.19957176840942553
EID_24839,0.16272022292745641
EID_1651,0.1968382785262512
EID_24355,0.19636358714327795
EID_24276,0.2073653566113241
EID_10346,0.17446116469569692
EID_9579,0.18723931796031046
EID_23242,0.20133372649777084
EID_23541,0.20113305530019693
EID_14741,0.15481070166490613
EID_7783,0.17697821233786432
EID_12569,0.21364904872219578
EID_3834,0.1787616272216829
EID_6799,0.24396157903982751
EID_15609,0.19353158185434777
EID_5496,0.18136867557318104
EID_5080,0.2208162242163237
EID_14834,0.19476929478548588
EID_18266,0.18044450949389312
EID_1182,0.18714846451454076
EID_6445,0.1973091111890783
EID_18656,0.18198110091712183
EID_24011,0.19126107777191184
EID_25093,0.18460835787864688
EID_11334,0.17549674838964352
EID_15785,0.16185318241862864
EID_8060,0.17902166907600864
EID_4349,0.1926268751601883
EID_22525,0.18496289109459882
EID_1231,0.2080472596227214
EID_2127,0.16363849976117192
EID_4047,0.17369964158479462
EID_12989,0.19265991649380082
EID_17726,0.20455765679119603
EID_1602,0.1970702219008473
EID_5945,0.16972405358883966
EID_15166,0.2017660081843984
EID_25317,0.1771276177473581
EID_18848,0.17744519976142192
EID_14455,0.1931862878070867
EID_9724,0.20270094902799335
EID_22697,0.19983632537401397
EID_16505,0.19434166685305704
EID_11616,0.16724710845638566
EID_10352,0.20113132803548517
EID_24093,0.16048707073875967
EID_11826,0.23949737069318106
EID_24211,0.20835468008723543
EID_14709,0.20746089239923973
EID_18747,0.19315954011104597
EID_16077,0.17248626303557849
EID_15440,0.1731080899375027
EID_4935,0.16676052133868258
EID_13791,0.19232859564332946
EID_16876,0.1827746825244578
EID_1335,0.1829475196359608
EID_19086,0.18828379251134536
EID_12872,0.19470650595742867
EID_11623,0.18504294546945418
EID_7807,0.20318030756040487
EID_9605,0.2113653040966066
EID_12736,0.20044942445372296
EID_20565,0.1979409125777833
EID_17225,0.22007301468547893
EID_19974,0.1860632320359315
EID_16045,0.169579575727667
EID_2082,0.17961168245339162
EID_22219,0.1523720568932948
EID_19439,0.17694372355062504
EID_2979,0.1624718309024733
EID_24414,0.18798083617101877
EID_15148,0.17850792717994093
EID_10690,0.21065377468550078
EID_16346,0.18635599960801047
EID_22752,0.20455507368240924
EID_21746,0.22144058466584637
EID_1705,0.19410181925376174
EID_7498,0.20246064464482577
EID_6874,0.1964785236073332
EID_4543,0.20506485665778318
EID_8931,0.17508506008058777
EID_16435,0.2002251028122817
EID_16767,0.18506331247196528
EID_3058,0.18674662610130488
EID_16381,0.1876313941021494
EID_17190,0.172507146006376
EID_7079,0.17240685610372553
EID_10191,0.19233359716109957
EID_1378,0.174582860195644
EID_20222,0.20810180759155633
EID_6156,0.17663286435705125
EID_5975,0.1913187680279056
EID_18682,0.17391835809667525
EID_8837,0.20045568033413066
EID_24686,0.2085654441929923
EID_9869,0.21687718350370544
EID_14673,0.16984462549758939
EID_14443,0.16777486860991533
EID_21591,0.20188781216163654
EID_25240,0.1826864608654264
EID_18365,0.1804510754848222
EID_9260,0.2096942656976502
EID_10696,0.19538658773182718
EID_18012,0.18613692545735497
EID_17421,0.22770508071498438
EID_23615,0.20509279857605062
EID_14132,0.1810993915498071
EID_13168,0.17187098214345667
EID_16973,0.18906920775821034
EID_13426,0.16677425073184293
EID_1493,0.18001291803912656
EID_3994,0.18163332608977306
EID_10574,0.18374552353243623
EID_12394,0.1759251143210328
EID_4781,0.1915212042574255
EID_24911,0.20434749813157282
EID_3205,0.20002848710733698
EID_25568,0.17658824836372755
EID_4343,0.2147089539988746
EID_4330,0.1950137244331874
EID_12518,0.1885305198436059
EID_18426,0.1839555174430367
EID_3862,0.19921165153767736
EID_13478,0.19988892229062796
EID_5607,0.1653821594130369
EID_22353,0.17595786767303584
EID_18346,0.16450276564783514
EID_5978,0.2102435432966013
EID_3391,0.1789847251385614
EID_8525,0.1984029497403526
EID_5245,0.17790513486180853
EID_11791,0.20222535991501467
EID_22913,0.19851855368561352
EID_15587,0.19943941496831125
EID_4851,0.20328885037286615
EID_3432,0.16144069172821596
EID_13090,0.16533573534844714
EID_15117,0.2578175398828618
EID_22004,0.16935469631103714
EID_16053,0.20095207059819456
EID_16458,0.20737849628237381
EID_8021,0.1910780201233812
EID_24385,0.20560137498594958
EID_7053,0.1995794260550301
EID_13544,0.16429126258271862
EID_9014,0.16515978737019824
EID_9246,0.2062982447395809
EID_15642,0.17501424553728262
EID_12295,0.18509292778156686
EID_7925,0.20435449465070202
EID_18473,0.1482213684370862
EID_19427,0.16597613568197986
EID_17027,0.18258763279621248
EID_22093,0.1661296970934146
EID_25611,0.17675692350183603
EID_20490,0.20920341840917026
EID_4204,0.14775007104430682
EID_2604,0.17334475664101875
EID_16152,0.20649486889259375
EID_8563,0.19413966726216925
EID_18620,0.17593809173925884
EID_11012,0.20546357966691936
EID_19598,0.17457013292301077
EID_13159,0.17775394396887767
EID_13171,0.17303670817981992
EID_8374,0.1833107713191972
EID_9838,0.24221557580246378
EID_18489,0.2062610017910509
EID_17451,0.19365442668256033
EID_7269,0.2079168640408672
EID_20548,0.19210314115832716
EID_9466,0.18064241789600366
EID_16085,0.21596126940920496
EID_24082,0.19691081970042928
EID_5078,0.19006614982495473
EID_23951,0.18532855759483302
EID_8327,0.20127484976184915
EID_5904,0.20906686101790256
EID_11085,0.18026089777545456
EID_21437,0.18550896217685292
EID_7471,0.2146686716262953
EID_12046,0.1961061749543776
EID_18653,0.18584264595021155
EID_14175,0.26685255245792894
EID_5514,0.1879574853671776
EID_20148,0.20249321032515322
EID_14260,0.18104720537411156
EID_15574,0.19709203788945343
EID_7287,0.1911604530832211
EID_18889,0.20130649136959383
EID_13106,0.17147062309274824
EID_15448,0.18164701726186977
EID_25897,0.19708158834833442
EID_23758,0.20475533823512354
EID_23208,0.1933550800247129
EID_13646,0.17990651535976485
EID_5467,0.20230024165793234
EID_6022,0.18021445410419587
EID_10923,0.17414905224894017
EID_10408,0.21398260161326416
EID_4186,0.15793419449000973
EID_22022,0.1614847008052211
EID_16390,0.18224644225691766
EID_19493,0.19237186559725494
EID_12519,0.19084547408572067
EID_23549,0.19557972375551055
EID_17612,0.2147438422872492
EID_25007,0.19941472541219876
EID_1949,0.1984208700103977
EID_23313,0.19383134876601224
EID_22516,0.2130774649588137
EID_21836,0.20334793804647333
EID_7268,0.1921442879232677
EID_8202,0.2088178874927551
EID_6613,0.19513066764917716
EID_2596,0.1922338472253164
EID_19849,0.18162953967905687
EID_11546,0.21338395512331892
EID_3942,0.18901124858466503
EID_7899,0.20295741383228708
EID_4802,0.19643780900359875
EID_6725,0.19101481397217834
EID_3835,0.18439235431445206
EID_9511,0.21175051550076995
EID_5757,0.1846833824306783
EID_24838,0.18917303874250657
EID_15225,0.20376597402885643
EID_8238,0.16239295502690732
EID_2826,0.16553765556903954
EID_20774,0.16483400608444382
EID_19311,0.16318304221056532
EID_12339,0.1791151406813642
EID_1583,0.21497038484041114
EID_1033,0.19892449727903377
EID_10764,0.20007011642072164
EID_17203,0.21216684722006557
EID_1345,0.1714464561223027
EID_4951,0.1877628487666586
EID_16956,0.20250105617513603
EID_9203,0.24757320154424492
EID_7021,0.1658666161766721
EID_8707,0.1849550810015315
EID_5209,0.15996201105473734
EID_20428,0.21053540178295152
EID_10913,0.18974988467634143
EID_11507,0.2051021543855791
EID_3693,0.18348023504024485
EID_22857,0.17069097775707215
EID_18744,0.16513659679017884
EID_19600,0.18073353248734442
EID_21336,0.18537175852731694
EID_17676,0.1839227039339757
EID_1678,0.21002569633058354
EID_4889,0.18525048366409472
EID_9961,0.19638657159548678
EID_23386,0.18832967826644081
EID_19835,0.18519443472821306
EID_9519,0.17719450204058732
EID_5449,0.21036326123877502
EID_20640,0.1841115017369278
EID_16387,0.1873269287852543
EID_20293,0.18276942119498021
EID_2296,0.18910447647514747
EID_11827,0.18962822511304905
EID_21522,0.2330638631065325
EID_2767,0.1766788652455442
EID_2873,0.20914700172540346
EID_2603,0.16628492772802422
EID_2674,0.17474446436876656
EID_23682,0.17672073704957086
EID_13310,0.21259884792978115
EID_6523,0.17774461424855303
EID_13056,0.19251820485190752
EID_7244,0.1993741585392012
EID_1072,0.1749551451855001
EID_25833,0.19325352696273368
EID_11244,0.19566903962764823
EID_22918,0.18287530175344785
EID_16735,0.21405533049846653
EID_4201,0.20199481215837717
EID_5998,0.196294885403267
EID_19254,0.18052005294881723
EID_16653,0.19834322707666396
EID_11729,0.2029650732052598
EID_19573,0.23082333511872102
EID_21463,0.18626449880900442
EID_5899,0.1861265226782996
EID_23613,0.18538517877010294
EID_8609,0.18460437436824412
EID_2660,0.1841475689661763
EID_1333,0.19879577035904883
EID_3212,0.1837662647490988
EID_7830,0.20282651579024163
EID_4372,0.1974466995440315
EID_15955,0.1938623346498852
EID_22059,0.19344048097361402
EID_22804,0.17245394465748515
EID_4700,0.17302471938479527
EID_14401,0.24237373166226628
EID_19971,0.18369175360758724
EID_10684,0.18108168240170125
EID_21512,0.16362923007196362
EID_16722,0.19169894330134118
EID_16012,0.1623196805590255
EID_19093,0.18530155349831973
EID_25636,0.1782759440849167
EID_10567,0.2283008698238871
EID_11601,0.1960001158666404
EID_25697,0.21343508736659644
EID_22131,0.20671039648396394
EID_8511,0.1582098472151926
EID_18114,0.19066427520190238
EID_12784,0.21007284253583505
EID_12820,0.1810929911114316
EID_4512,0.16219326599359518
EID_5837,0.19932707170971176
EID_12564,0.19165147720681056
EID_16737,0.1758460311484733
EID_25986,0.20944023609312773
EID_8729,0.18128689455645008
EID_4386,0.1850706115072572
EID_5223,0.20390230522196467
EID_1494,0.2033500575368164
EID_22699,0.16067605352110295
EID_1083,0.19246996331045596
EID_1329,0.1844176378386821
EID_3550,0.1619949937762493
EID_18845,0.17989665239412325
EID_17946,0.19904488626807226
EID_1712,0.17518617892434135
EID_12024,0.19757660615470374
EID_2974,0.17557374610497822
EID_12806,0.18728075638477892
EID_10396,0.18206862492758394
EID_3998,0.19512363929163895
EID_22451,0.18195997890062393
EID_12242,0.2090396050386563
EID_18599,0.1695176549218502
EID_9423,0.19683278096807866
EID_25347,0.1627990464895226
EID_20183,0.19668379428487365
EID_18079,0.24578420598712725
EID_10059,0.19194583288050626
EID_1322,0.18221672071907016
EID_18109,0.18242090802143496
EID_7325,0.18827866273441085
EID_6000,0.19775814753859333
EID_10760,0.18698381860794233
EID_24380,0.17174510863849152
EID_7070,0.18771107557075098
EID_2796,0.19393334783779248
EID_18860,0.19260409137003412
EID_13597,0.17594340235507572
EID_6858,0.1803442343371207
EID_14987,0.21387782993004223
EID_8902,0.1943620837987633
EID_9453,0.16384730696896813
EID_20605,0.19029771478990584
EID_16020,0.1809598792522774
EID_6335,0.19618862045487911
EID_1317,0.18125226595262023
EID_5575,0.1890871676094121
EID_17433,0.24793332810224908
EID_6238,0.18065885582947913
EID_10734,0.18896360652046512
EID_7661,0.20855736308062045
EID_9281,0.1550199562534245
EID_19259,0.1939352922747843
EID_9544,0.1914990487572404
EID_2572,0.2127381519126251
EID_12706,0.18270314179036498
EID_20500,0.18857728212881966
EID_19258,0.17337701785488788
EID_15915,0.24451648495676506
EID_25265,0.2287952328784182
EID_16567,0.21209734326550522
EID_19553,0.2223085896276155
EID_25403,0.2268846902540464
EID_10354,0.1994105356840779
EID_19522,0.16774015465233308
EID_20132,0.2093390271198199
EID_3363,0.18389689125059705
EID_15253,0.18112213573307495
EID_8368,0.16493533916544453
EID_3883,0.20791102839741038
EID_7323,0.1447926109301594
EID_16203,0.21024940859659752
EID_9080,0.21474377361015723
EID_12266,0.17657453233780343
EID_13777,0.17571994432770047
EID_24876,0.18250008029437328
EID_11961,0.2654621952675088
EID_25871,0.19088860079607226
EID_3563,0.20828479870036412
EID_3377,0.16181006828381628
EID_19924,0.18767343844205933
EID_4070,0.18493451885791157
EID_7727,0.21909952562121243
EID_2253,0.20713926754367679
EID_5056,0.18560217892799502
EID_16751,0.19295867786665866
EID_2105,0.1583602941032597
EID_14078,0.1912749865884813
EID_18779,0.19414747423716808
EID_2218,0.1719336745075944
EID_6130,0.1842135639718029
EID_21722,0.18298823307134646
EID_17748,0.19129655874961343
EID_21322,0.20577453674136836
EID_6016,0.17552567878549882
EID_20480,0.18668170465105666
EID_18843,0.21393136494275092
EID_7336,0.1936192392382469
EID_4455,0.1957251922180485
EID_15206,0.23237984552046576
EID_15582,0.19336075734630465
EID_22381,0.19265982882134097
EID_22606,0.19673385649591338
EID_12159,0.17828810345070095
EID_10027,0.19293818099244253
EID_4107,0.18119956112785085
EID_18932,0.16781012972346804
EID_1321,0.1835458443709667
EID_7759,0.17161166604048747
EID_21961,0.17885080404303186
EID_15289,0.20026794785056976
EID_23069,0.19872700970220944
EID_17187,0.22657183554077312
EID_25372,0.17727031206183547
EID_9787,0.19209786266197154
EID_9797,0.18747611827843602
EID_10831,0.19198995487996404
EID_24620,0.2116393508664409
EID_8715,0.1973787509301896
EID_13459,0.1730395438721813
EID_14031,0.2168431817578199
EID_14541,0.19298091974251136
EID_12395,0.18820572422405282
EID_7150,0.18939025998312686
EID_14422,0.16642349673703966
EID_19060,0.2104318276997536
EID_9338,0.16468187087841432
EID_21042,0.19805106594564284
EID_8011,0.15947473337094614
EID_8102,0.17858629090025213
EID_11068,0.18657745321210162
EID_15461,0.2023393676855238
EID_18509,0.1959274098347215
EID_5796,0.17784165680216835
EID_19905,0.1809839723051045
EID_21609,0.19738014264844056
EID_14873,0.18825191826408144
EID_8033,0.2086299442451876
EID_21354,0.16468041676167497
EID_16377,0.19543795187150365
EID_10566,0.18540528900880593
EID_4791,0.17321319875772087
EID_20944,0.17885232030608392
EID_24913,0.19897812730447095
EID_3868,0.188532208242213
EID_10611,0.18377345645326792
EID_21702,0.1890583590322935
EID_9472,0.15969583759337996
EID_10746,0.18773936733267138
EID_17717,0.21247439685171726
EID_18535,0.16567974041274722
EID_23706,0.16413638858507526
EID_7039,0.17118777588952286
EID_23797,0.20585497045592382
EID_1574,0.1920676251939908
EID_5931,0.1779791430686384
EID_6468,0.21012759820544993
EID_15805,0.21449398814755488
EID_2988,0.1805912005874109
EID_21966,0.18425187963977818
EID_16571,0.20860463503755114
EID_10082,0.17498708377787284
EID_8359,0.18637792993475133
EID_3200,0.20938171436578212
EID_2206,0.23878471348174013
EID_14234,0.20259485337312064
EID_12498,0.21265330135435873
EID_12009,0.21926539547038343
EID_12486,0.16269974071311058
EID_2679,0.20853663383752666
EID_25329,0.1618546645042945
EID_18268,0.16823345200168474
EID_18253,0.2095060021133474
EID_11915,0.183965450377106
EID_2503,0.1873230920582232
EID_22110,0.18160452335460703
EID_9344,0.18968502952053082
EID_17568,0.18407912544039678
EID_1445,0.1834510098627829
EID_12971,0.18924739154104858
EID_14129,0.18112278708348373
EID_22888,0.1990269568491379
EID_17510,0.19720874000775857
EID_11722,0.18103595691469737
EID_18542,0.16981111624376083
EID_13158,0.188097616473088
EID_2810,0.18020257373421322
EID_16559,0.1957626464362091
EID_1124,0.17854934865440064
EID_2137,0.1791518139156141
EID_13145,0.1758477450891992
EID_14181,0.19254265186307082
EID_24695,0.16594278472553456
EID_21367,0.20731665050559367
EID_13213,0.20110891709056497
EID_15852,0.1718433768715676
EID_9531,0.20082937637531575
EID_6197,0.16031940100571504
EID_20012,0.1851296315324924
EID_10381,0.25233143317633183
EID_9136,0.19258390186537402
EID_12063,0.1645650677889192
EID_22318,0.18587283324036474
EID_24047,0.21110736556488408
EID_5834,0.18599293724680976
EID_4763,0.17702820149475706
EID_24096,0.19441816577253612
EID_13825,0.18958996684441295
EID_14326,0.18780172319189364
EID_10111,0.18505417640081717
EID_23362,0.1842784830965065
EID_8682,0.20139826914618564
EID_18727,0.1539031613267008
EID_20725,0.20126073787761675
EID_15976,0.15583182834136167
EID_17626,0.19397958060158108
EID_13302,0.19626223753781882
EID_11333,0.18642352557839859
EID_12305,0.18598016912238546
EID_4987,0.18107246068280944
EID_12132,0.19864286811585835
EID_14163,0.18335883502643013
EID_15666,0.19091336273163773
EID_19257,0.18458245433327058
EID_1591,0.16650668975471042
EID_5610,0.18007167910220656
EID_4835,0.16793188196985098
EID_5060,0.20891112430045705
EID_15897,0.21459511390420927
EID_9771,0.20397730929971497
EID_11486,0.19766820310677974
EID_14583,0.194778676958064
EID_17832,0.16915522569863783
EID_6876,0.19717051496130014
EID_18560,0.20634284354126203
EID_1091,0.20029210357927268
EID_3837,0.1880804461569161
EID_8508,0.19311252465093814
EID_23640,0.1724474815795657
EID_13280,0.203460414458072
EID_3352,0.21064679579810414
EID_13404,0.21483226132897834
EID_23565,0.18760441651094398
EID_24526,0.18083166587901509
EID_9254,0.1743529604322837
EID_8916,0.16825513087706484
EID_15227,0.18930625565164055
EID_11672,0.1831903499057141
EID_8926,0.1676919207066047
EID_25125,0.221338447589127
EID_3170,0.1754668757201408
EID_24612,0.1915786858606071
EID_23932,0.18382012406994663
EID_11554,0.1654874113635596
EID_19854,0.17281031269401334
EID_16362,0.23092360527377087
EID_13195,0.20484892224046464
EID_25559,0.25438665772551416
EID_18526,0.1991076349364886
EID_23226,0.18206569390007393
EID_5873,0.20139214476314166
EID_11286,0.1866514342938252
EID_7573,0.21034480512729248
EID_11669,0.20446555577479344
EID_12639,0.21849164775528424
EID_12309,0.18694442977756492
EID_17566,0.1874351625623088
EID_3644,0.19006576552902127
EID_9921,0.18854814111159449
EID_14703,0.18108076293137015
EID_19366,0.1950809106790895
EID_12449,0.20659823509022474
EID_24591,0.16836959714518038
EID_4698,0.17163545238164105
EID_17657,0.18125937663993855
EID_24446,0.20963522361867343
EID_18528,0.20622899755688265
EID_8868,0.1785083528645787
EID_5820,0.18672262173186593
EID_24215,0.1736151289637855
EID_19176,0.17909594132601325
EID_6578,0.17907333326277075
EID_9672,0.17828351234761608
EID_10702,0.171296567593031
EID_4741,0.16977513901066704
EID_24067,0.19894995886518474
EID_2416,0.1839671869352577
EID_12089,0.18370512568518393
EID_8392,0.21165422258315728
EID_16766,0.20305599433582228
EID_23137,0.1920724251111658
EID_24704,0.1715560101773026
EID_13184,0.20353948718148482
EID_21642,0.1652975779032246
EID_8050,0.17820638334852132
EID_20432,0.17891892262508585
EID_14456,0.17581970100651734
EID_7769,0.14833292656947755
EID_14077,0.17408281060990238
EID_17805,0.18587923525313985
EID_14927,0.19149490320840015
EID_7995,0.22198705738709232
EID_2297,0.18539665322567017
EID_7960,0.18709611711147534
EID_9481,0.2099770534704921
EID_2781,0.18303678351871935
EID_25571,0.18327333196157475
EID_12462,0.2176722200756801
EID_17761,0.19715840770520554
EID_22310,0.19775309756035458
EID_15161,0.20742518791090608
EID_3361,0.1942372868229327
EID_2166,0.2112506496955314
EID_1515,0.20759546758113614
EID_13787,0.18521800669883362
EID_23496,0.1948573273128793
EID_7820,0.1783753753437068
EID_14433,0.21693282434413869
EID_9405,0.21810731960724608
EID_4195,0.19464938477276658
EID_24190,0.16134785815177644
EID_20400,0.1674927818076322
EID_16111,0.17438150892384296
EID_5502,0.20155674292497652
EID_17381,0.173930070958181
EID_22435,0.19593416652564205
EID_3060,0.19926474924473375
EID_19197,0.17633027745098742
EID_13311,0.1710212777646994
EID_14282,0.1817552050362336
EID_5849,0.1971063208704697
EID_19845,0.1658442240653041
EID_6965,0.17843254605626788
EID_5048,0.2119211802178273
EID_13766,0.18874183545298268
EID_22269,0.18889191412440623
EID_4363,0.1898976089259165
EID_12215,0.20604198913999325
EID_14479,0.19651567985463575
EID_7348,0.1854197286417203
EID_25664,0.18080647787288076
EID_4940,0.1807573710273889
EID_6877,0.1648383448916822
EID_8337,0.21136081590130495
EID_1775,0.1889236691381213
EID_13938,0.16712413753656752
EID_12735,0.1665267946737435
EID_16138,0.2047666385721938
EID_18586,0.2026106128543091
EID_16650,0.19215845243219976
EID_18259,0.200922565466967
EID_19144,0.18365595391781997
EID_4483,0.19100888810528682
EID_10929,0.21093615020495554
EID_19882,0.1862350275694788
EID_3779,0.1746410783601029
EID_18678,0.1826165680266727
EID_7168,0.1897351290974819
EID_23279,0.20685045875669789
EID_17008,0.16012900263905688
EID_2795,0.1789768272231619
EID_1833,0.19307343802360943
EID_21026,0.1670573598996684
EID_20322,0.2046062611172969
EID_10026,0.1886723526778945
EID_7742,0.21737753300181967
EID_21792,0.2127152881444378
EID_14341,0.21485615755466053
EID_24634,0.18769732617523704
EID_3379,0.16548024915002152
EID_20627,0.1897028558910781
EID_8572,0.180980566187446
EID_15104,0.17177232131831588
EID_12426,0.15583893150064682
EID_17588,0.19025380473837444
EID_20961,0.19507775597144977
EID_23260,0.17535723353840377
EID_7213,0.19216831642406024
EID_11851,0.20414702535679422
EID_5696,0.19869439934896177
EID_23011,0.19535007602944074
EID_2035,0.17817664323249843
EID_22461,0.15800260977407085
EID_23215,0.17596493641342847
EID_6913,0.18778276974308958
EID_5739,0.186666789513765
EID_19814,0.18433053666283
EID_20320,0.18085853196145696
EID_2043,0.17759335592696607
EID_21992,0.1804202782960398
EID_9324,0.1649065396699322
EID_3863,0.1775077287189923
EID_7513,0.2008598820594354
EID_11120,0.1694852644930478
EID_6548,0.21918195416959163
EID_23957,0.18665199440695224
EID_11408,0.18678075221505205
EID_24638,0.17188241322610218
EID_3908,0.1854768070321251
EID_17023,0.16675661254101976
EID_10902,0.16108761396709292
EID_3543,0.18362274473264095
EID_3633,0.18459553572360243
EID_3394,0.17896846062866797
EID_8619,0.21606821828709324
EID_13424,0.20186396318792713
EID_15405,0.18907001988006666
EID_21727,0.17730535238664863
EID_18916,0.20468340472263302
EID_3335,0.21911465251854984
EID_2811,0.16310691292721313
EID_8620,0.20706065848841118
EID_3249,0.15546473388308749
EID_22140,0.16305761607082503
EID_18934,0.1719951404848816
EID_24271,0.17893895304144242
EID_2164,0.16992082238478431
EID_22961,0.18579570719985533
EID_25318,0.18698535310200004
EID_23064,0.1882619976022902
EID_1056,0.16276729255499953
EID_4389,0.16153832576458874
EID_6949,0.182908974670311
EID_16133,0.1939360290853875
EID_8023,0.20010495897081387
EID_19426,0.18250739826595264
EID_12895,0.18070525385772512
EID_17667,0.21600236355311836
EID_14826,0.19735130040800916
EID_8807,0.16391138378340847
EID_13977,0.18869927130769812
EID_11167,0.17341366931857435
EID_22535,0.21284461987842662
EID_5357,0.23000178656386663
EID_1450,0.2023795118449061
EID_24647,0.18389151014469907
EID_1516,0.19276205109092864
EID_10122,0.17237901461259164
EID_2423,0.21044910760600366
EID_4276,0.17588304983591393
EID_10610,0.1929060154819285
EID_5840,0.16381628786110203
EID_19117,0.20418167058827014
EID_1753,0.1889714728256244
EID_11679,0.1954449506748724
EID_12425,0.19142130136451174
EID_21118,0.154681759664655
EID_1348,0.19129251939382308
EID_3143,0.16877967854480283
EID_12153,0.20161256379647402
EID_22834,0.18681715959026218
EID_14978,0.21253228547248684
EID_23361,0.1960406567892558
EID_5207,0.1977065400307219
EID_8395,0.20082248150309312
EID_2440,0.18552614072126056
EID_14196,0.22779770349946518
EID_16684,0.19240560072107155
EID_22520,0.1987549291777075
EID_14689,0.16954049889934758
EID_22890,0.1909302205439944
EID_18695,0.18187070714381806
EID_1275,0.1756817957115682
EID_6033,0.20766265237408357
EID_25616,0.17393569141205062
EID_6190,0.22154988023447542
EID_2964,0.17769454472643154
EID_24869,0.1958150952971798
EID_3319,0.20527832949049685
EID_15857,0.2536398606205185
EID_4615,0.21379098903488097
EID_23926,0.1804660289162204
EID_15506,0.21177871358833877
EID_4168,0.1928046446187941
EID_23593,0.2040313924966758
EID_3108,0.19261662739430072
EID_22846,0.24298143395506552
EID_12618,0.1775059139786085
EID_20341,0.20891803426723704
EID_15441,0.19163029737852563
EID_20278,0.17580765827934935
EID_19511,0.20082597107703742
EID_7832,0.14789854595770374
EID_7775,0.188442015214024
EID_9409,0.17311267902028016
EID_11483,0.21408847688187066
EID_6657,0.24226479824518474
EID_10338,0.19136381358488697
EID_7683,0.1994843902422305
EID_11854,0.21216659359158663
EID_17102,0.18891922013443596
EID_9882,0.1953424874119576
EID_19326,0.21626714182003864
EID_1670,0.19875263974218516
EID_17455,0.2046834845482853
EID_24867,0.20044922278728788
EID_22972,0.20217440922328517
EID_4679,0.1906222275253931
EID_7172,0.25706707645665783
EID_7401,0.19753222648286328
EID_13199,0.21130452382028275
EID_12244,0.20878654827178017
EID_12771,0.1877702114549879
EID_7230,0.1840334337308192
EID_19736,0.22803820135531272
EID_2755,0.16698538937344684
EID_19126,0.21056966846862962
EID_20949,0.19291730582092695
EID_4573,0.16956345779586715
EID_23671,0.17392927775575634
EID_11580,0.1848898663225817
EID_15600,0.16637658732889804
EID_17577,0.19667465092733502
EID_6773,0.1868713810870358
EID_9565,0.1757812252646681
EID_13401,0.17431053591837095
EID_17438,0.20537066585131025
EID_7604,0.20145528069116664
EID_1215,0.18982284873846897
EID_24765,0.1947028091407302
EID_2084,0.18809194753044567
EID_17898,0.20191643311784718
EID_9752,0.20194218287002536
EID_19867,0.17719301008423433
EID_5430,0.22528012272669296
EID_22617,0.16859886684719927
EID_23590,0.18821232864472787
EID_11131,0.17718123155671345
EID_1623,0.16661308187999158
EID_25390,0.1862972961177985
EID_23316,0.2044855741433425
EID_11595,0.2504440143361772
EID_10827,0.23465983046128544
EID_14787,0.19646900240173212
EID_18290,0.17212302301055404
EID_17889,0.18442720659897172
EID_7936,0.17459536613021312
EID_12044,0.1971533396489128
EID_8205,0.1641177562465102
EID_22950,0.19149262702181458
EID_4965,0.20165156272076962
EID_24073,0.19997452263186777
EID_4946,0.20397164623703196
EID_14618,0.17024078783907523
EID_17692,0.1883192614271216
EID_23220,0.18942251317571956
EID_24364,0.1895635553546458
EID_20216,0.15420360324262095
EID_24865,0.17118378567982745
EID_11009,0.1976016193588669
EID_6889,0.2021249126033045
EID_10375,0.18525842371078888
EID_11917,0.21821017141914117
EID_25323,0.15397132633723318
EID_21841,0.20238850808621062
EID_25278,0.1989281464544413
EID_17857,0.17689194794771476
EID_2991,0.20683467514781834
EID_23822,0.17118884835445633
EID_12098,0.1646618273747138
EID_14665,0.19333393921075465
EID_25373,0.17468531101459772
EID_22143,0.19769171720870748
EID_4000,0.16158729891890683
EID_2951,0.16656656773311812
EID_8610,0.19848987417616015
EID_6998,0.18905314951656052
EID_21972,0.19774423362736523
EID_3582,0.16337936063524494
EID_18220,0.1889951324162147
EID_12381,0.18575505787624602
EID_15689,0.18328338260450353
EID_12239,0.21384500947423712
EID_3987,0.18006590768376685
EID_20164,0.20614606214584202
EID_1654,0.2156262502623218
EID_25583,0.2037976958849612
EID_22736,0.1972205028396748
EID_22169,0.22597055934721072
EID_9495,0.19247961978573747
EID_2465,0.17434558174763398
EID_1659,0.21911900554655792
EID_4509,0.19215860294606146
EID_15264,0.19214422859252395
EID_9494,0.20348534509382482
EID_23657,0.19869499525595574
EID_10376,0.17973542374840312
EID_25277,0.1904449456283336
EID_15121,0.21432182366991842
EID_14760,0.2113766515406984
EID_9160,0.22353079662627767
EID_18574,0.19017972624021298
EID_2977,0.19517702965984987
EID_4745,0.19819132865821748
EID_6762,0.18341683621160088
EID_2682,0.17732653758919448
EID_19172,0.25706027528723424
EID_1013,0.18764657655116657
EID_1242,0.1605688427799264
EID_10336,0.1706342899154747
EID_11247,0.21332679892287562
EID_4631,0.15280145236377798
EID_21660,0.18494499716722085
EID_6752,0.20439742363318542
EID_14409,0.1907592776820125
EID_21720,0.1884893215431678
EID_14495,0.21822705148252486
EID_15348,0.1767482617363921
EID_9610,0.1955923878677644
EID_10629,0.1682798198982121
EID_10182,0.18772554445749848
EID_10598,0.1851026525969837
EID_11065,0.1950285927071605
EID_16129,0.18224947438418543
EID_15572,0.20495014510199755
EID_21059,0.18277968900408628
EID_7812,0.19231518813900256
EID_15162,0.18617004915991348
EID_6911,0.19824863277666163
EID_17591,0.1694666907921679
EID_22638,0.20650966926355235
EID_3217,0.18997042849680837
EID_10116,0.19915596390405108
EID_23199,0.1968352661969191
EID_18844,0.20354031868833133
EID_19931,0.21177064209233554
EID_22215,0.20468384821783103
EID_14623,0.1980747917477548
EID_7884,0.19734970161904555
EID_3197,0.15365165306047124
EID_11291,0.1856615054132451
EID_3320,0.19959682758030045
EID_12585,0.18472721092791305
EID_13592,0.21662979822543077
EID_11264,0.19763455911169842
EID_6997,0.18648481098473707
EID_2327,0.1950689871714978
EID_9340,0.16896034418437772
EID_14544,0.20022722382631508
EID_13055,0.19359381285857202
EID_14014,0.212798054956163
EID_7429,0.20834829114952508
EID_19008,0.19255042392114868
EID_14283,0.20381258794368984
EID_10882,0.20818161271095204
EID_5194,0.2142255935646836
EID_23844,0.19354433010186506
EID_22628,0.19585318896484058
EID_10033,0.20666720471736863
EID_13281,0.17990469025965017
EID_23871,0.19113265152869363
EID_3621,0.2007554139872653
EID_12968,0.20280021256483508
EID_5819,0.169978939206158
EID_6694,0.16601774276895337
EID_17656,0.20466147224335837
EID_8888,0.19727460451004847
EID_14552,0.18795595522354516
EID_15342,0.22159211000402174
EID_7728,0.20090298068515813
EID_10331,0.1995416574614251
EID_5479,0.18095073684635787
EID_25526,0.1964705921926235
EID_12348,0.1976614764636534
EID_6196,0.1927762080346548
EID_3619,0.18313202276824478
EID_11280,0.20324723273953593
EID_18119,0.18668928094479353
EID_18058,0.20885600056832207
EID_20911,0.17001322633479793
EID_19840,0.21591858481495535
EID_11808,0.22110643202862035
EID_16265,0.17077238083927118
EID_25976,0.16415321949512032
EID_3872,0.17986660368197382
EID_23029,0.1597448198127365
EID_11745,0.17443049102126212
EID_9556,0.18435369843446317
EID_19748,0.19723538939001511
EID_23253,0.1827320915018662
EID_16237,0.177672068071293
EID_11694,0.18028352604238765
EID_12824,0.16876454946725064
EID_12797,0.20999653006898508
EID_3524,0.19243931351315507
EID_10559,0.22785468917217855
EID_22844,0.20081632227801882
EID_22281,0.16620485709567862
EID_9535,0.19765790685238613
EID_1642,0.1880536951909494
EID_17630,0.1927580349433344
EID_15083,0.20978954242156395
EID_2690,0.17464488922765267
EID_12199,0.1669776411237221
EID_3449,0.2123624663721491
EID_12097,0.2316524982645688
EID_23272,0.19194064705574665
EID_6890,0.18488368844340045
EID_2438,0.25197879368350745
EID_6508,0.18335933033550766
EID_10772,0.1706754110847013
EID_6076,0.17109382584165436
EID_3045,0.21781066414826245
EID_24779,0.16727955288718724
EID_12553,0.20692885867050095
EID_24984,0.1692470104056107
EID_17157,0.20830802462755668
EID_11823,0.18615656256407284
EID_4765,0.17399162943624294
EID_16143,0.1789411360899193
EID_19658,0.21864424994898443
EID_12035,0.15988319900674708
EID_3481,0.21383163265906469
EID_12776,0.208978483674469
EID_21160,0.1768335457616373
EID_11127,0.18770584911532995
EID_11784,0.17586463993573564
EID_17458,0.174094953397086
EID_15653,0.18042360550509057
EID_25399,0.17881992754478365
EID_8799,0.22277693301359375
EID_14529,0.16904385839068353
EID_19407,0.1712383776286207
EID_8224,0.24586270147015787
EID_21582,0.1923972516491977
EID_14807,0.1998117993922826
EID_17338,0.22208574724147861
EID_10635,0.16663104775513488
EID_16300,0.24711607685765494
EID_5155,0.16783988835953598
EID_11136,0.1767935112151942
EID_7716,0.19990724455881428
EID_13041,0.2097186559891586
EID_1572,0.1894510377864911
EID_2382,0.15947167714646537
EID_4568,0.2152144296869225
EID_25153,0.20589603467764808
EID_20523,0.1907895315917994
EID_2332,0.24700936905720067
EID_6143,0.16338598454949846
EID_19549,0.2002548050259158
EID_24568,0.19334011500760312
EID_23211,0.21089142556172713
EID_2342,0.18427070082902974
EID_2922,0.18105327234015128
EID_6026,0.22090749790349246
EID_10107,0.18680476077584862
EID_14855,0.17760943738252957
EID_18780,0.16800117359620115
EID_10578,0.19777734497778815
EID_3842,0.20552723340819007
EID_10225,0.18563006782657712
EID_15275,0.19307824279050517
EID_10740,0.18256540388639972
EID_9483,0.18541772634469766
EID_11262,0.20915092383236178
EID_24388,0.2160533729861452
EID_19271,0.20521665111720322
EID_15363,0.19435617333586644
EID_16555,0.26322501260513376
EID_7387,0.2026708478342868
EID_2692,0.15718410258582058
EID_19754,0.16485636089446531
EID_10859,0.1737598634567383
EID_16618,0.19272168630174913
EID_1697,0.14951345521487633
EID_3764,0.16586525116838918
EID_4502,0.1881460649246377
EID_19240,0.1659823217561334
EID_22590,0.20013292162265472
EID_14056,0.2046078457279105
EID_20697,0.18467773004521343
EID_2505,0.18300980091886979
EID_23288,0.1872220784655464
EID_23373,0.19020245921039486
EID_18878,0.17441725209861897
EID_11857,0.17056436397500568
EID_25945,0.17940163348438326
EID_18242,0.24475766794744133
EID_22823,0.15540526293914608
EID_5625,0.20965736835032878
EID_6702,0.2490239011728525
EID_24252,0.19314790930394582
EID_12704,0.20522709669694827
EID_1770,0.1887379334429861
EID_10159,0.21291584179362483
EID_3702,0.17157144332611937
EID_2688,0.19559795163673843
EID_19784,0.18828259168257375
EID_3636,0.1824636388171498
EID_14537,0.1795806987822408
EID_4878,0.1778239139465907
EID_10260,0.20328701987682554
EID_5154,0.1916393633388132
EID_21206,0.17798884155051375
EID_15511,0.2122559233912975
EID_8010,0.22839666370867612
EID_6249,0.203505718622102
EID_7392,0.15112101135639772
EID_18362,0.17167131150864717
EID_14147,0.2024813081657082
EID_24826,0.2097230669472629
EID_10862,0.1783961649193496
EID_3088,0.16964277310478146
EID_2871,0.20902457218544412
EID_22681,0.14811261496724026
EID_3720,0.21013029184688736
EID_21540,0.19653903040940587
EID_3516,0.16686617206869386
EID_10969,0.19773251208687068
EID_11396,0.2152900051485753
EID_11407,0.20464745277719407
EID_19264,0.19649999682784794
EID_12406,0.19482402256511483
EID_19440,0.17631784393465422
EID_22729,0.1764392775311286
EID_21143,0.18235834591522826
EID_19936,0.2014927898119014
EID_13997,0.15962652328087437
EID_15533,0.19223250514070092
EID_22065,0.18185775624842365
EID_6600,0.2006285516028212
EID_15316,0.21412494582121347
EID_10721,0.19113183747367546
EID_20630,0.18354758109709396
EID_17720,0.22024879933849478
EID_7692,0.212259154251717
EID_25004,0.15825210173146956
EID_1804,0.18516912006772915
EID_25207,0.20486234681253895
EID_7638,0.17390990713454826
EID_8179,0.20972420505549388
EID_23406,0.1966629406368872
EID_19285,0.18041567723769442
EID_15333,0.19955498903689287
EID_9685,0.1601760981424443
EID_15725,0.22264046953942151
EID_8302,0.2126751109513773
EID_10726,0.21839189956293945
EID_6168,0.1796983753140752
EID_16711,0.19393278751087462
EID_24881,0.1827013765114546
EID_15281,0.167264465653725
EID_17428,0.18197792950024055
EID_2814,0.18096582616364243
EID_8717,0.16964038651309346
EID_4395,0.22201377436152633
EID_22871,0.20014620822803272
EID_22152,0.20138610145497748
EID_23649,0.15748918266608491
EID_24748,0.19132288186775825
EID_25426,0.18937201612717752
EID_13986,0.17392133904038087
EID_19704,0.20648223722148457
EID_15554,0.17425010567384985
EID_23100,0.2134915477333574
EID_25408,0.17718255625721804
EID_15870,0.1890067108524186
EID_4048,0.238986252468458
EID_12712,0.19500937923293665
EID_1937,0.18134270306664385
EID_14246,0.20981878107045665
EID_2569,0.19110326629571342
EID_6228,0.19779072540302547
EID_21309,0.2115879161744889
EID_16971,0.193099262910011
EID_25273,0.16176837362480695
EID_8968,0.15876226764155213
EID_21475,0.1990741456182013
EID_1982,0.184666701880387
EID_23627,0.17179791967954355
EID_14209,0.1890811179049262
EID_22365,0.2017383738025077
EID_21031,0.15851113775221556
EID_16883,0.25256127620774005
EID_15734,0.16769585332714013
EID_20840,0.16965154876365401
EID_20792,0.19006730273615383
EID_2652,0.20568457770557488
EID_3079,0.16707332462405536
EID_1425,0.17683431621466011
EID_17271,0.16091770374002792
EID_22724,0.19405549326772087
EID_23964,0.2312473821805806
EID_9333,0.1559496136302784
EID_12374,0.20659465495027335
EID_25107,0.1832722141731193
EID_22869,0.20908771501255624
EID_18753,0.1982691540110374
EID_16805,0.1873298558778072
EID_19994,0.19226616789991163
EID_3004,0.1632497004177121
EID_12616,0.21107301721953897
EID_6090,0.19346668815323187
EID_3303,0.19615023821553007
EID_9435,0.19829933045435427
EID_1838,0.18022853547668327
EID_15681,0.20160167204368123
EID_17496,0.20903366696022554
EID_8456,0.15518248336179588
EID_23174,0.17508698439948722
EID_8285,0.1612515461583496
EID_6547,0.16633062365436815
EID_23648,0.17366517356102834
EID_7958,0.21605405898435381
EID_19299,0.176561061554927
EID_8699,0.16735595222937077
EID_14528,0.20937616600885456
EID_23167,0.2039821397398002
EID_25289,0.1987919197462763
EID_12802,0.1968104726067816
EID_15986,0.20786338702750906
EID_3609,0.18906839095236166
EID_2045,0.14911882911440721
EID_1788,0.2578408900106778
EID_22630,0.18795686066075962
EID_10542,0.19738065649694664
EID_13101,0.16569427801314107
EID_5159,0.18841602749710573
EID_18490,0.1925626034517643
EID_25693,0.17525430244344553
EID_20514,0.1664044492064664
EID_3713,0.19174268616409507
EID_11193,0.2002503325154389
EID_6052,0.18639025644592863
EID_6986,0.1780973702562591
EID_9104,0.16637276253459693
EID_23058,0.22478420119715614
EID_3156,0.18898814231235564
EID_17660,0.1749076837870046
EID_17514,0.19835986723014715
EID_15370,0.17155299137929333
EID_12207,0.1968014194991627
EID_7351,0.18322246935113
EID_24727,0.20686720947353385
EID_6356,0.1996647795855817
EID_15421,0.1903888007108996
EID_11772,0.20731856990022937
EID_14071,0.20961276057566422
EID_16359,0.1729691320937286
EID_16919,0.17723604306438473
EID_21496,0.201651301999638
EID_10564,0.17139723677973978
EID_3773,0.19471928576374728
EID_9484,0.20625687578538493
EID_13601,0.17065149123928233
EID_13843,0.19316230612457763
EID_8774,0.20008332752601793
EID_7542,0.2004269672736866
EID_3388,0.19677389822421698
EID_17949,0.17499025571351684
EID_1815,0.16118642961399443
EID_10479,0.15959839732238137
EID_10722,0.19636768311357664
EID_3427,0.22730710103435836
EID_18205,0.1990567737474435
EID_21650,0.18819220486447522
EID_23124,0.1859433649543361
EID_4294,0.1881134320788529
EID_13366,0.1663058676346501
EID_13957,0.18929525668266126
EID_3578,0.1882150619425893
EID_24105,0.20033410575619948
EID_13186,0.20464692912020044
EID_24214,0.18775850522893298
EID_17251,0.20250569312804975
EID_23225,0.16761462474253427
EID_2152,0.16060055464585793
EID_10625,0.23153563095000462
EID_2044,0.14577386699889006
EID_7201,0.20375971667319448
EID_2405,0.23103318756943614
EID_22716,0.19624074376965575
EID_22728,0.24311781817851638
EID_21251,0.2197059809818903
EID_6915,0.19542917656876818
EID_14744,0.1936468237841934
EID_15814,0.18292805326543196
EID_6659,0.1727752514067885
EID_10991,0.18485381651143126
EID_6500,0.1693866342927495
EID_19121,0.16993204474266665
EID_6278,0.22874170874729582
EID_13236,0.1788810959845317
EID_5382,0.1661919819970578
EID_6871,0.20570122178185157
EID_5012,0.16738007787225676
EID_1268,0.19781581151620034
EID_6588,0.18754354778552676
EID_22163,0.18081029800499143
EID_11121,0.21935073020087759
EID_22615,0.17009965538261854
EID_7838,0.2063372430000659
EID_3344,0.1518933153691944
EID_25292,0.20863174671730428
EID_10730,0.21179976392018837
EID_10317,0.16303101030448583
EID_13443,0.20906512111656342
EID_10988,0.1942708029765584
EID_23091,0.2477384181143044
EID_1839,0.19908836314181727
EID_13892,0.1904353244043695
EID_1496,0.19553127736735157
EID_15045,0.19573676404329032
EID_3744,0.16351602758013933
EID_13010,0.22279090422105569
EID_9716,0.2066534056562214
EID_2993,0.18478817609751186
EID_23435,0.19970822830775187
EID_8587,0.1998934592711983
EID_22132,0.199136333267911
EID_21413,0.20461544234796447
EID_11881,0.18256577380877767
EID_19850,0.1927514691669739
EID_18460,0.19093960037177607
EID_17983,0.19277673773967371
EID_14888,0.1913470953004167
EID_14002,0.18770102125810761
EID_13524,0.16024615966774738
EID_4049,0.1724616876659238
EID_6535,0.18319217559929118
EID_10557,0.17692410713890738
EID_1313,0.19542576408339785
EID_12424,0.19549109590373168
EID_8210,0.1810487605198508
EID_22378,0.1736372798227943
EID_19644,0.15601949036855067
EID_8790,0.20116994971390456
EID_5778,0.20836015657469015
EID_23887,0.1856237773193137
EID_16103,0.1917766219487303
EID_20604,0.18199477293457678
EID_17378,0.2135116845366929
EID_5566,0.16970308166438433
EID_24264,0.1780739995873725
EID_7814,0.18587122278077434
EID_1968,0.2068740254839931
EID_10282,0.21152402168623727
EID_13648,0.18674573086202137
EID_22376,0.16434690126577528
EID_3690,0.1694990820194108
EID_17871,0.17763014059817925
EID_19167,0.18581164578547096
EID_5366,0.19698559320548592
EID_16996,0.17209657197811246
EID_1953,0.17703369784104536
EID_8760,0.18550778405012136
EID_20448,0.20515895015082228
EID_15787,0.1908278090737147
EID_18982,0.1777402343195117
EID_4388,0.177170120654439
EID_22325,0.20104363816687598
EID_10189,0.1877636681075178
EID_21162,0.18212362478024682
EID_1032,0.19590443885804237
EID_12045,0.2068281062274136
EID_18324,0.1969278825813989
EID_15085,0.1800936023852172
EID_21927,0.19069848026263264
EID_13325,0.20146548006964618
EID_17801,0.18312469392250877
EID_7678,0.17937319216374914
EID_17469,0.1891438345056241
EID_14318,0.18659844641569578
EID_16439,0.2294076581944155
EID_2307,0.16360170477294586
EID_20011,0.1648351358567438
EID_19381,0.1624801509569077
EID_14043,0.18268185935488884
EID_14774,0.19269863226388118
EID_22982,0.20198398519175664
EID_19092,0.1648038048820542
EID_13137,0.18365097527900542
EID_5738,0.26079084955035503
EID_19661,0.19425945274424636
EID_22570,0.1706393360508912
EID_16393,0.21817197126289095
EID_4256,0.1874099110433941
EID_17873,0.20685518288792415
EID_13832,0.17994462390369864
EID_17617,0.17832185464441616
EID_3106,0.1714023673325925
EID_6567,0.199159442181853
EID_4727,0.18077955497533685
EID_14518,0.2000590471951024
EID_1070,0.19717328162943742
EID_19385,0.19034989028158775
EID_20032,0.2058922005741371
EID_11714,0.21290361514764167
EID_23636,0.15944797872745106
EID_1985,0.15755539737406415
EID_5627,0.17618090174540735
EID_15171,0.19092740786953388
EID_8811,0.16648121423804874
EID_2163,0.1752643793757141
EID_8459,0.16184890977432556
EID_18138,0.19279216315417136
EID_17518,0.20986756073752127
EID_17432,0.1781696796087393
EID_25686,0.17902598094670055
EID_2470,0.2034963210291852
EID_16311,0.1926480576633347
EID_6903,0.1824701135441117
EID_11990,0.21268845023262387
EID_23460,0.1875723092221996
EID_25924,0.17063938880805765
EID_13985,0.203209913360764
EID_5455,0.185807235402675
EID_13427,0.1855092376775353
EID_24855,0.19323292659817676
EID_15532,0.2019088972887137
EID_8953,0.18269652148645718
EID_22683,0.16455517608896383
EID_22493,0.17532409583347353
EID_1451,0.19129199035080907
EID_20796,0.19123549714751298
EID_17281,0.19170091151442598
EID_7767,0.20603164465844073
EID_20838,0.19726752543104026
EID_17235,0.17893912026261088
EID_21615,0.20025792032152756
EID_6972,0.18481655051724893
EID_13930,0.1903878083265746
EID_4188,0.16992469438978888
EID_11277,0.19168412549210284
EID_18053,0.17373859794409957
EID_11288,0.17987869442096124
EID_1148,0.19481447078920622
EID_19216,0.1880773391493346
EID_7660,0.1728321602033741
EID_22805,0.23089203635547612
EID_11931,0.1921583271074776
EID_16921,0.1910350064698633
EID_4993,0.19542115014341477
EID_18070,0.19044843171316103
EID_15648,0.1712432347524942
EID_11404,0.1899852244476052
EID_14248,0.1993149030322049
EID_15424,0.18655788100393272
EID_8039,0.1640257744703527
EID_7094,0.16068929519448422
EID_13161,0.19539064190918565
EID_9293,0.16825415156224377
EID_4351,0.19830225982811345
EID_17259,0.16352590012563706
EID_2681,0.19009009077396682
EID_22123,0.1929128861563446
EID_8528,0.19062495095726922
EID_11798,0.1956029941389323
EID_20265,0.16384751583822832
EID_21396,0.1774792735096759
EID_12220,0.20602513923069823
EID_25722,0.20035404319783587
EID_21719,0.19226830277633222
EID_3506,0.16183296289608584
EID_2139,0.2282989496783469
EID_6562,0.1917241715674995
EID_4353,0.19039973028688753
EID_24392,0.18353338399540306
EID_11238,0.17536374889561224
EID_20617,0.19013085000219881
EID_21473,0.22800158578488974
EID_16837,0.19132699024272903
EID_1800,0.20051389134705885
EID_25849,0.19307570876643998
EID_9395,0.19705603214091677
EID_2415,0.1967478182611386
EID_9286,0.1481073620085102
EID_5081,0.24813195393903495
EID_22546,0.16857756599708446
EID_11932,0.22118969567074503
EID_16292,0.18530883335887516
EID_17882,0.1840078888770977
EID_20889,0.21711391147361747
EID_10031,0.19204367063012961
EID_21576,0.16637748844611266
EID_8256,0.21253202430598173
EID_2614,0.1747129704538808
EID_2098,0.17632003819766964
EID_10242,0.1902634566374992
EID_21993,0.1930677265517634
EID_22664,0.19713564557072716
EID_1919,0.18238302739424456
EID_11629,0.1832164822420967
EID_6840,0.21252573711245093
EID_25493,0.18265608966912825
EID_14968,0.20522022614258206
EID_25313,0.19101375096593876
EID_8035,0.20105599092038165
EID_8969,0.19950245918283716
EID_15223,0.19288337441580827
EID_6266,0.1610873297057507
EID_8184,0.18294552342641715
EID_19480,0.1917082926981456
EID_19076,0.20086597124115876
EID_16339,0.1997888114793888
EID_7963,0.2061419864762833
EID_17427,0.1595835733997686
EID_12641,0.17107830796748255
EID_4122,0.20245662032914585
EID_23659,0.19122811685744068
EID_13486,0.18969076213161715
EID_18423,0.19455941982115504
EID_2181,0.17815746192115478
EID_25490,0.18531476198064212
EID_9211,0.17227319096841856
EID_5237,0.17938158384564823
EID_2418,0.19479655796810252
EID_17716,0.19311540152833712
EID_13837,0.2129313514497469
EID_2840,0.15818587688885039
EID_13004,0.1761381110943851
EID_14429,0.22030051948127394
EID_18915,0.19962739046589445
EID_22415,0.17014751254146393
EID_4304,0.18428228462621643
EID_10753,0.20302378849352226
EID_22612,0.181380235782996
EID_1857,0.20009793451383864
EID_3566,0.18180307871693585
EID_8545,0.18731683598897372
EID_21685,0.19053512684826737
EID_9946,0.18184303262192886
EID_20447,0.17402501463409817
EID_3887,0.16407101771208735
EID_8351,0.20766527043203042
EID_23889,0.26374625109656663
EID_8248,0.18506941353724593
EID_16621,0.19923503552107852
EID_25138,0.20146663460361378
EID_10004,0.21247295420061402
EID_5522,0.20413156560229406
EID_23416,0.19690570515343206
EID_14897,0.16666186152325616
EID_10840,0.1770099094861723
EID_21716,0.1985817976436297
EID_18484,0.18471315325186138
EID_7402,0.18126403778621253
EID_24854,0.1810005955294711
EID_1610,0.20581659085836712
EID_17592,0.15776170349651092
EID_22128,0.18247022809593844
EID_17304,0.2204764033461515
EID_1508,0.1853459900113311
EID_20492,0.17951317511136877
EID_2324,0.20452438237335274
EID_17093,0.1818209233614435
EID_23356,0.19380340357454723
EID_17895,0.19202271553929268
EID_8186,0.17628970888757733
EID_19358,0.22093346415586199
EID_6030,0.25304089839084826
EID_17457,0.17968975698653142
EID_14976,0.18869152619817414
EID_8914,0.1759340667425434
EID_5721,0.15840489890509504
EID_11266,0.2212011337287127
EID_17012,0.174745987350431
EID_7554,0.16738548303680464
EID_3087,0.1982025554365887
EID_19716,0.1634869526330336
EID_21723,0.2142032979440336
EID_13072,0.18041244968570125
EID_9776,0.19239042370509502
EID_25927,0.2326494589004002
EID_5593,0.18483121406430297
EID_13954,0.1799525759088229
EID_16034,0.1641700936026924
EID_1719,0.18609709031009986
EID_23054,0.16709505043183098
EID_15591,0.19038304865496336
EID_5178,0.16838696376953363
EID_24346,0.20416970605341433
EID_21264,0.20872111395907644
EID_3292,0.1915653638266607
EID_14975,0.17300620489911162
EID_9165,0.17748994998549694
EID_23369,0.18274263828096932
EID_18767,0.17734461345822455
EID_10153,0.1704606430395361
EID_2542,0.187561217607646
EID_23826,0.18148779668533557
EID_20391,0.23055334160082955
EID_8633,0.1911462487996969
EID_5875,0.19785435335468227
EID_12699,0.1787712632321369
EID_12982,0.21496401661343467
EID_16392,0.1511843131598351
EID_8185,0.18989655045178505
EID_15462,0.2160248763486161
EID_4853,0.2106614131180946
EID_17622,0.18716673027620134
EID_23074,0.2163177409517758
EID_6390,0.18377244308234042
EID_24539,0.19619036622746672
EID_12963,0.17849197644249648
EID_8649,0.19853730069478182
EID_11810,0.19448650489937014
EID_3598,0.1931669026017659
EID_13511,0.2076726844990748
EID_16014,0.19221363358395074
EID_24791,0.20845712730258134
EID_3417,0.16459978991575835
EID_24668,0.17478622136612598
EID_4508,0.17992566520117703
EID_25150,0.20880024408313924
EID_25934,0.1699153780730193
EID_6308,0.15704804362056335
EID_10508,0.15831699703011248
EID_18724,0.1681140056418403
EID_10536,0.18565672180071058
EID_18738,0.1636706437353907
EID_15949,0.16085451704753417
EID_20722,0.16219843978822693
EID_14963,0.18315349191866317
EID_6682,0.16336812839143403
EID_8365,0.1765261661434654
EID_17999,0.19992613593559316
EID_24499,0.17721841810064143
EID_20389,0.1949797141920675
EID_12123,0.24196555514578233
EID_19203,0.17360196835527886
EID_3538,0.214158368869904
EID_19811,0.18772704793689735
EID_11473,0.18044622455669154
EID_3032,0.1805999049245779
EID_8419,0.17503415681817883
EID_9052,0.20101236645113923
EID_15837,0.20049676670825314
EID_6644,0.18401806026003906
EID_16894,0.20642323462410148
EID_10552,0.18802732761071544
EID_14750,0.1872742022781318
EID_16659,0.16464890480960803
EID_4472,0.17745390398465924
EID_4076,0.19135733430142624
EID_5163,0.15713397358525202
EID_25923,0.20848098552529573
EID_24806,0.18345947845026875
EID_3742,0.19467984397315163
EID_19722,0.181478581176545
EID_18033,0.2137845462012152
EID_16718,0.22203989559059825
EID_13182,0.20891609610853173
EID_23021,0.20659527472922898
EID_20329,0.18769894050724212
EID_8770,0.1672637767150275
EID_11234,0.20172310824054668
EID_18881,0.19268598873438098
EID_1365,0.19815929880381433
EID_19318,0.19602214863593587
EID_19343,0.16978865093768436
EID_4435,0.18356396223248553
EID_22102,0.19850833354342484
EID_24095,0.19724057556183386
EID_9897,0.2824386642703898
EID_21635,0.1824299955089241
EID_16514,0.20802004476186922
EID_1997,0.1818598046784538
EID_10324,0.19949316248390125
EID_6487,0.219828692170652
EID_21197,0.18548627744809498
EID_19082,0.16398334280757237
EID_17562,0.18122524093282766
EID_8738,0.18856232522448652
EID_13687,0.1959638892044838
EID_19572,0.16383694577598643
EID_24909,0.2003184104819131
EID_21814,0.16988848182658292
EID_12083,0.19307979621945837
EID_25919,0.183921684843775
EID_19140,0.16296715515853627
EID_23924,0.18442399700756354
EID_1208,0.1865096830378312
EID_18170,0.2038214346804373
EID_18699,0.17492517689717033
EID_1318,0.1849202977790602
EID_14941,0.2022701334262205
EID_6540,0.16036090763083108
EID_20936,0.2191602578210592
EID_9705,0.22357712430219417
EID_24181,0.21197125360198382
EID_22138,0.18940708326299782
EID_23044,0.20621878007469813
EID_9038,0.19489874586985342
EID_3247,0.19311912827514055
EID_19630,0.16927967672858915
EID_8655,0.16874123527028723
EID_10423,0.19421583448824295
EID_3946,0.16561408490271182
EID_16512,0.1808614291735276
EID_12473,0.21721484658470308
EID_11571,0.16640465482708833
EID_14381,0.18333933443484537
EID_12675,0.21692755412710954
EID_1930,0.16168238938119572
EID_20155,0.2146965525879255
EID_22902,0.2114145367432719
EID_24145,0.20821462011333086
EID_5342,0.17731777170124866
EID_8334,0.2117732709355476
EID_25708,0.1874695383378888
EID_19991,0.19464219398067423
EID_5499,0.19824727098685171
EID_5953,0.1782746588067307
EID_7444,0.19060534898838244
EID_6218,0.21864547504103848
EID_12891,0.16364145221701518
EID_16456,0.18051357227840192
EID_20256,0.16839740058734629
EID_9959,0.19163090360495577
EID_8845,0.17265035504806836
EID_1662,0.17511078104009434
EID_8739,0.20815355714792805
EID_20695,0.1738312724859909
EID_19446,0.18826785972233406
EID_12441,0.2068745691176596
EID_13066,0.18789774763133585
EID_8911,0.18538691583545713
EID_22200,0.17678356434496995
EID_9689,0.185270934860838
EID_1668,0.19615130003071116
EID_8120,0.1854292352336162
EID_22777,0.2129986102030964
EID_19141,0.19388426685893864
EID_22674,0.1780660825170111
EID_16121,0.19161903026604774
EID_14662,0.207326295930348
EID_23290,0.20160670409529166
EID_20144,0.1598675577973893
EID_23052,0.19076198080128376
EID_25575,0.17845003087791664
EID_23724,0.18968130187430066
EID_14759,0.20663267621294718
EID_25209,0.20709156306197163
EID_17753,0.1724680801858631
EID_4693,0.1902802400333884
EID_17284,0.18910048602547216
EID_9131,0.20100631431883137
EID_24625,0.2071537111593943
EID_24912,0.17909931560900655
EID_19612,0.17984244096921095
EID_9147,0.21402213047036256
EID_6891,0.20651316240770232
EID_10639,0.1974462230144981
EID_5880,0.18014214309446663
EID_22547,0.20315802676790884
EID_10066,0.18497834638832328
EID_7126,0.1660077479362223
EID_4929,0.1517811039840357
EID_24750,0.19732379920020907
